"Dist Code","Year","State Code","State Name","Dist Name","RICE AREA (1000 ha)","WHEAT AREA (1000 ha)","KHARIF SORGHUM AREA (1000 ha)","RABI SORGHUM AREA (1000 ha)","SORGHUM AREA (1000 ha)","PEARL MILLET AREA (1000 ha)","MAIZE AREA (1000 ha)","FINGER MILLET AREA (1000 ha)","BARLEY AREA (1000 ha)","CHICKPEA AREA (1000 ha)","PIGEONPEA AREA (1000 ha)","MINOR PULSES AREA (1000 ha)","GROUNDNUT AREA (1000 ha)","SESAMUM AREA (1000 ha)","RAPESEED AND MUSTARD AREA (1000 ha)","SAFFLOWER AREA (1000 ha)","CASTOR AREA (1000 ha)","LINSEED AREA (1000 ha)","SUNFLOWER AREA (1000 ha)","SOYABEAN AREA (1000 ha)","OILSEEDS AREA (1000 ha)","SUGARCANE AREA (1000 ha)","COTTON AREA (1000 ha)","FRUITS AREA (1000 ha)","VEGETABLES AREA (1000 ha)","FRUITS AND VEGETABLES AREA (1000 ha)","POTATOES AREA (1000 ha)","ONION AREA (1000 ha)","FODDER AREA (1000 ha)"
"1","2017","14","Chhattisgarh","Durg","841.13","43.5","0.0","0.0","0.11","0.01","9.25","0.01","0.0","258.46","26.24","109.08","0.45","1.8","4.7","0.29","0.0","4.6","0.01","77.4","0.0","19.85","0.45","0.0","0.0","0.0","0.08","0.19","0.0"
"2","2017","14","Chhattisgarh","Bastar","660.36","1.24","0.0","0.0","1.49","0.0","41.94","6.3","0.0","1.39","1.64","40.68","0.06","2.7","2.82","0.0","0.0","0.4","0.08","0.02","0.0","0.72","0.0","0.0","0.0","0.0","0.19","0.2","0.0"
"3","2017","14","Chhattisgarh","Raipur","959.01","14.56","0.0","0.0","0.02","0.0","6.13","0.19","0.0","31.38","2.28","75.44","4.87","1.52","3.85","0.05","0.0","0.41","0.14","0.15","0.0","0.27","0.03","0.0","0.0","0.0","0.51","0.65","0.0"
"4","2017","14","Chhattisgarh","Bilaspur","727.94","15.8","0.0","0.0","0.66","0.02","7.61","0.0","0.18","39.08","7.14","90.31","2.38","2.54","4.44","0.11","0.0","1.63","0.3","13.94","0.0","7.57","0.0","0.0","0.0","0.0","0.6","0.79","0.0"
"5","2017","14","Chhattisgarh","Raigarh","411.12","3.91","0.0","0.0","0.1","0.03","6.29","0.24","0.0","1.16","6.77","41.72","10.18","2.72","4.95","0.01","0.0","0.97","0.7","0.0","0.0","0.43","0.0","0.0","0.0","0.0","2.91","0.5","0.0"
"6","2017","14","Chhattisgarh","Surguja","377.07","23.18","0.0","0.0","1.35","0.0","48.4","0.53","1.7","3.55","19.17","34.98","7.47","5.98","20.67","0.0","0.0","9.75","0.03","0.04","0.0","6.0","0.0","0.0","0.0","0.0","7.07","1.91","0.0"
"7","2017","6","Madhya Pradesh","Jabalpur","210.2","300.7","4.64","0.0","4.64","0.0","13.9","0.0","0.3","121.3","21.39","161.95","0.16","9.0","17.9","0.0","0.0","4.5","0.0","8.7","0.0","3.37","0.0","2.41","17.72","20.14","6.43","3.52","0.48"
"8","2017","6","Madhya Pradesh","Balaghat","220.21","55.56","0.0","0.0","0.0","0.0","10.04","0.0","0.3","61.0","8.7","46.47","0.03","2.0","20.37","0.3","0.01","20.86","0.0","0.01","0.0","3.7","0.0","0.19","3.17","3.36","0.95","0.45","0.16"
"9","2017","6","Madhya Pradesh","Chhindwara","34.01","181.0","14.0","0.0","14.0","0.0","263.5","0.0","0.0","66.0","38.9","21.4","16.44","2.5","3.5","0.0","0.0","1.5","0.0","28.0","0.0","11.0","47.6","8.64","20.72","29.36","8.56","3.59","0.49"
"10","2017","6","Madhya Pradesh","Narsinghpur","39.1","92.0","0.8","0.0","0.8","1.0","5.0","0.0","0.0","101.5","62.5","125.88","0.02","0.4","2.5","0.0","0.0","0.01","0.0","43.5","0.0","51.1","0.0","0.12","5.22","5.34","1.64","1.7","1.04"
"11","2017","6","Madhya Pradesh","Seoni / Shivani","133.13","200.72","0.5","0.0","0.5","0.0","99.7","0.0","0.0","40.0","13.7","42.61","5.22","0.0","1.4","0.0","0.0","6.5","0.0","31.0","0.0","0.0","0.0","0.44","5.48","5.93","1.34","0.74","0.27"
"12","2017","6","Madhya Pradesh","Mandla","215.1","90.0","4.4","0.0","4.4","0.0","47.5","0.0","0.0","28.8","18.9","108.78","0.0","1.3","34.0","0.0","0.0","10.17","0.0","12.2","0.0","2.81","0.0","0.09","2.39","2.49","0.32","0.55","0.01"
"13","2017","6","Madhya Pradesh","Sagar","5.06","278.0","7.0","0.0","7.0","0.0","3.6","0.0","1.0","183.0","12.6","217.57","0.47","1.06","3.51","0.0","0.0","1.82","0.24","216.2","0.0","0.49","0.0","0.04","12.15","12.19","5.5","9.5","8.3"
"14","2017","6","Madhya Pradesh","Damoh","75.73","81.6","3.1","0.0","3.1","0.0","5.08","0.0","0.1","185.75","36.2","168.21","1.65","2.5","3.5","0.0","0.0","1.11","0.0","66.5","0.0","0.6","0.0","0.06","1.91","1.97","1.59","3.63","0.09"
"15","2017","6","Madhya Pradesh","Tikamgarh","4.56","97.19","1.0","0.0","1.0","0.0","1.7","0.0","7.4","12.4","0.06","150.15","16.49","30.0","11.45","0.0","0.0","0.7","0.0","23.5","0.0","0.0","0.0","0.15","4.66","4.8","0.94","0.55","3.84"
"16","2017","6","Madhya Pradesh","Chhatarpur","6.33","175.31","7.0","0.0","7.0","0.01","1.1","0.0","15.9","49.99","8.0","141.76","14.02","97.5","11.94","0.0","0.0","6.38","0.0","30.8","0.0","0.12","0.0","0.21","9.1","9.32","0.28","0.3","8.54"
"17","2017","6","Madhya Pradesh","Panna","58.4","77.79","7.6","0.0","7.6","0.0","2.6","0.0","4.0","93.67","16.7","75.09","0.0","34.6","12.6","0.0","0.0","0.21","0.0","17.5","0.0","0.0","0.0","0.36","2.6","2.95","0.61","1.31","0.0"
"18","2017","6","Madhya Pradesh","Rewa","121.3","173.6","26.12","0.0","26.12","8.0","2.18","0.0","5.02","54.3","32.9","58.63","0.0","5.61","14.51","0.0","0.0","17.38","0.78","42.5","0.0","0.0","0.0","1.5","7.98","9.48","1.72","7.16","0.15"
"19","2017","6","Madhya Pradesh","Sidhi","113.95","101.8","23.51","0.0","23.51","32.5","38.1","0.0","18.13","66.6","46.2","36.56","0.0","30.5","18.85","0.0","0.0","17.18","0.0","2.1","0.0","0.0","0.0","0.22","5.51","5.73","6.61","3.19","0.0"
"20","2017","6","Madhya Pradesh","Satna","132.0","156.8","7.6","0.0","7.6","0.4","4.2","0.0","20.0","116.0","75.0","132.01","0.0","16.6","7.35","0.0","0.0","7.21","0.0","59.8","0.0","0.0","0.0","0.37","1.98","2.35","2.47","2.94","0.01"
"21","2017","6","Madhya Pradesh","Shahdol","240.33","87.27","2.9","0.0","2.9","0.01","38.82","0.0","2.18","45.5","39.75","61.99","0.8","17.1","23.46","0.0","0.0","14.58","0.0","19.3","0.0","0.01","0.0","0.21","5.96","6.16","2.48","1.99","0.0"
"22","2017","6","Madhya Pradesh","Gwalior","9.11","65.0","13.4","0.0","13.4","11.9","0.2","0.0","0.7","26.0","0.0","7.25","0.1","26.5","40.8","0.0","0.0","0.2","0.0","1.7","0.0","0.0","0.0","0.14","8.53","8.67","3.4","0.93","4.16"
"23","2017","6","Madhya Pradesh","Shivpuri","4.4","76.9","0.4","0.0","0.4","8.7","6.6","0.0","3.13","32.0","0.0","127.62","104.34","12.5","54.66","0.0","0.0","0.0","0.0","83.6","0.0","0.0","0.0","0.2","9.59","9.79","1.01","2.12","8.11"
"24","2017","6","Madhya Pradesh","Guna","5.71","255.81","1.0","0.0","1.0","7.6","33.12","0.0","0.8","164.6","0.0","228.17","1.4","2.8","15.5","0.0","0.0","0.05","0.0","323.3","0.0","0.0","0.0","0.04","2.91","2.94","0.85","1.89","7.85"
"25","2017","6","Madhya Pradesh","Datia","16.6","120.8","4.6","0.0","4.6","0.0","1.3","0.0","0.2","29.5","0.0","39.5","6.9","54.4","16.45","0.0","0.0","0.0","0.0","6.7","0.0","0.0","0.0","0.03","2.0","2.03","0.69","0.66","2.79"
"26","2017","6","Madhya Pradesh","Morena","21.4","183.0","6.6","0.0","6.6","148.5","3.32","0.0","2.26","38.93","20.61","36.46","0.4","29.4","162.7","0.0","0.0","11.73","0.0","40.2","0.0","0.07","0.0","0.15","5.35","5.5","4.1","0.75","4.21"
"27","2017","6","Madhya Pradesh","Bhind","3.0","110.4","11.3","0.0","11.3","61.9","0.0","0.0","4.37","25.0","2.73","36.8","0.0","35.6","167.87","0.0","0.0","3.82","0.0","0.5","0.0","0.0","0.0","0.01","1.74","1.74","1.56","0.71","4.39"
"28","2017","6","Madhya Pradesh","Indore","0.45","110.4","0.1","0.0","0.1","0.0","12.2","0.0","0.2","94.41","2.55","6.24","0.0","0.0","0.0","0.0","0.0","0.01","0.0","216.9","0.0","0.0","0.4","0.23","31.71","31.94","44.17","14.05","9.45"
"29","2017","6","Madhya Pradesh","Ratlam","0.0","110.4","0.16","0.0","0.16","0.0","55.5","0.0","0.29","91.4","4.8","22.4","0.46","0.3","9.3","0.0","0.0","2.93","0.0","205.0","0.0","0.0","29.4","1.1","8.93","10.03","0.24","7.29","16.86"
"30","2017","6","Madhya Pradesh","Ujjain","0.2","220.6","0.9","0.0","0.9","0.0","6.46","0.0","0.01","195.2","0.87","28.88","0.2","0.19","1.8","0.0","0.0","0.34","0.0","446.9","0.0","0.02","0.0","0.42","32.13","32.54","12.36","14.44","15.78"
"31","2017","6","Madhya Pradesh","Mandsaur","0.8","125.7","1.66","0.0","1.66","0.17","73.08","0.0","0.0","103.2","3.3","74.27","9.45","1.0","58.6","0.0","0.0","9.9","0.0","383.5","0.0","0.0","0.34","6.53","6.28","12.81","0.22","5.95","31.03"
"32","2017","6","Madhya Pradesh","Dewas","0.1","170.96","3.5","0.0","3.5","0.0","13.3","0.0","0.0","219.47","9.0","25.99","0.25","0.0","0.34","0.0","0.0","21.6","0.0","321.35","0.0","0.1","6.0","0.16","15.52","15.68","8.14","11.83","8.76"
"33","2017","6","Madhya Pradesh","Dhar","0.73","198.87","17.0","0.0","17.0","2.9","83.9","0.0","27.2","149.72","7.56","39.69","4.4","0.0","1.08","0.0","0.0","0.0","0.0","279.43","0.0","0.21","98.0","2.32","17.04","19.36","2.31","7.99","7.01"
"34","2017","6","Madhya Pradesh","Jhabua","13.63","85.0","10.1","0.0","10.1","17.04","115.22","0.0","4.5","37.1","8.6","76.34","14.84","1.1","0.05","0.0","3.29","0.04","0.0","80.1","0.0","0.0","34.0","0.08","3.89","3.98","0.07","0.94","3.98"
"35","2017","6","Madhya Pradesh","Khargone / West Nimar","1.76","185.6","51.9","0.0","51.9","8.91","124.79","0.0","5.95","123.78","20.55","30.53","12.92","0.3","0.11","0.62","2.73","0.42","0.0","97.9","0.0","2.62","282.0","3.84","14.39","18.23","0.33","5.77","3.01"
"36","2017","6","Madhya Pradesh","Khandwa / East Nimar","5.89","163.5","15.9","0.0","15.9","0.3","53.86","0.0","3.98","69.51","21.75","28.65","2.55","1.3","0.0","0.09","2.92","0.0","2.1","173.6","0.0","5.91","105.1","22.39","15.08","37.47","0.72","9.16","0.59"
"37","2017","6","Madhya Pradesh","Sehore","36.45","278.4","2.05","0.0","2.05","0.06","17.12","0.0","0.1","165.9","14.7","85.42","1.14","0.36","0.58","0.0","0.0","0.03","0.0","365.2","0.0","0.56","0.0","0.37","10.16","10.53","0.98","5.96","21.83"
"38","2017","6","Madhya Pradesh","Raisen","112.0","197.6","1.3","0.0","1.3","0.0","6.92","0.0","0.1","167.2","33.7","110.65","0.0","0.0","0.28","0.0","0.0","0.0","0.0","84.7","0.0","0.0","0.0","0.1","3.93","4.03","0.67","0.51","4.44"
"39","2017","6","Madhya Pradesh","Vidisha","10.5","263.0","4.6","0.0","4.6","0.0","6.62","0.0","0.2","207.04","7.3","253.72","0.07","0.04","0.4","0.0","0.0","0.02","0.0","277.48","0.0","0.06","0.0","0.61","4.23","4.84","0.79","0.8","5.25"
"40","2017","6","Madhya Pradesh","Betul","45.0","104.4","7.5","0.0","7.5","0.0","80.05","0.0","0.0","41.13","28.2","17.43","6.66","1.0","1.2","0.0","0.0","0.47","0.0","223.0","0.0","11.29","0.3","0.52","11.87","12.39","1.56","1.05","2.95"
"41","2017","6","Madhya Pradesh","Rajgarh","1.15","152.0","0.1","0.0","0.1","0.0","63.91","0.0","0.8","112.6","6.16","80.95","2.0","5.1","8.97","0.0","0.0","0.04","0.0","309.4","0.0","0.0","0.0","0.89","10.17","11.06","4.18","5.47","31.98"
"42","2017","6","Madhya Pradesh","Shajapur","0.05","125.8","1.8","0.0","1.8","0.04","22.42","0.0","0.0","136.4","5.1","75.37","0.64","1.0","14.1","0.0","0.0","0.29","0.0","349.99","0.0","0.0","0.0","3.14","23.4","26.54","5.92","10.51","27.14"
"43","2017","6","Madhya Pradesh","Hoshangabad","136.8","349.5","4.0","0.0","4.0","0.0","35.25","0.0","0.9","134.1","18.0","262.08","0.03","0.16","6.27","0.0","0.0","0.0","0.0","138.01","0.0","4.0","0.05","0.34","3.97","4.32","0.58","0.95","1.13"
"44","2017","1","Andhra Pradesh","Srikakulam","279.15","0.0","0.04","0.0","0.05","0.14","51.91","5.31","0.0","0.06","1.15","113.74","8.73","12.66","0.0","0.0","0.0","0.0","0.64","0.0","25.38","11.58","14.29","72.77","6.5","79.27","0.0","0.39","0.05"
"45","2017","1","Andhra Pradesh","Visakhapatnam","173.38","0.0","0.31","0.0","0.32","1.75","25.82","18.25","0.0","0.13","2.07","45.83","3.8","9.7","0.0","0.0","0.0","0.0","0.1","0.0","24.48","38.39","8.29","83.41","9.24","92.64","0.12","0.25","1.92"
"46","2017","1","Andhra Pradesh","East Godavari","386.54","0.0","0.16","1.7","1.86","0.06","11.8","0.29","0.0","1.81","2.31","41.2","0.16","2.53","0.0","0.0","0.0","0.0","0.11","0.0","19.99","10.32","16.36","70.96","16.18","87.14","0.0","0.05","1.85"
"47","2017","1","Andhra Pradesh","West Godavari","393.22","0.01","0.02","0.06","0.08","0.0","59.43","0.0","0.0","0.03","0.19","47.01","2.65","0.41","0.02","0.0","0.0","0.0","0.12","0.0","54.79","7.95","4.53","42.44","6.71","49.16","0.0","0.0","1.08"
"48","2017","1","Andhra Pradesh","Krishna","258.73","0.0","0.02","1.34","1.35","0.0","28.83","0.0","0.0","2.29","2.28","157.81","1.85","0.3","0.66","0.0","0.0","0.0","0.0","0.0","14.41","10.26","48.36","59.87","9.21","69.08","0.0","0.0","3.9"
"49","2017","1","Andhra Pradesh","Guntur","224.27","0.0","0.35","39.7","40.06","9.54","66.4","0.72","0.0","81.56","68.23","95.97","5.88","4.8","0.09","0.0","1.81","0.0","0.18","0.01","12.77","0.33","200.1","22.37","14.98","37.35","0.0","0.22","23.35"
"50","2017","1","Andhra Pradesh","S.P.S. Nellore","242.52","0.0","0.24","5.06","5.3","8.61","7.69","0.39","0.0","50.97","34.12","28.44","13.69","3.47","0.0","0.0","0.86","0.0","0.49","0.0","19.59","1.05","18.34","40.46","5.64","46.09","0.0","0.08","6.45"
"51","2017","1","Andhra Pradesh","Kurnool","109.67","0.02","6.04","49.28","55.32","11.05","55.51","0.12","0.0","211.99","79.38","30.96","100.79","2.07","2.22","0.02","13.21","0.0","1.64","0.34","120.29","0.49","264.92","12.52","26.34","38.86","0.0","17.05","2.74"
"52","2017","1","Andhra Pradesh","Ananthapur","30.91","0.01","18.36","4.55","22.91","5.29","23.27","2.46","0.0","74.4","72.81","14.15","423.12","0.01","0.0","0.0","15.16","0.0","1.95","0.03","440.3","0.09","45.55","59.07","22.77","81.84","0.01","1.75","7.89"
"53","2017","1","Andhra Pradesh","Kadapa YSR","54.98","0.01","3.97","8.28","12.25","9.82","3.37","0.18","0.0","97.14","8.96","8.55","44.37","3.38","0.0","0.0","0.68","0.22","3.28","0.0","52.01","0.28","24.8","71.46","15.58","87.04","0.0","4.36","1.13"
"54","2017","1","Andhra Pradesh","Chittoor","64.81","0.0","0.16","0.02","0.18","2.1","2.5","6.73","0.0","0.0","8.01","23.94","129.53","0.41","0.0","0.0","0.09","0.01","0.63","0.0","130.69","18.18","0.5","82.79","27.47","110.26","1.32","0.56","15.74"
"55","2017","20","Telangana","Hyderabad","50.34","0.12","8.91","1.97","10.88","0.07","76.66","0.08","0.0","5.36","56.82","12.14","5.46","0.06","0.0","0.35","1.11","0.0","0.2","0.95","0.0","1.66","121.8","9.78","18.18","27.97","0.49","1.9","4.41"
"56","2017","20","Telangana","Nizamabad","267.21","0.54","0.15","3.54","3.69","4.75","71.49","0.0","0.0","30.43","7.23","13.4","0.38","3.88","0.0","1.36","0.0","0.0","0.23","73.72","0.0","4.72","19.21","1.65","3.63","5.29","0.0","1.49","19.76"
"57","2017","20","Telangana","Medak","180.79","0.72","5.66","3.9","9.56","0.1","102.9","0.0","0.0","10.76","30.83","29.33","1.12","0.06","0.0","1.48","0.1","0.0","2.2","16.25","0.0","17.37","180.0","1.31","3.95","5.26","1.5","2.99","0.1"
"58","2017","20","Telangana","Mahabubnagar","170.82","0.02","21.9","3.4","25.3","0.65","138.08","1.38","0.0","20.03","142.96","13.99","119.95","0.39","0.0","0.17","26.73","0.0","0.45","0.26","0.0","4.84","275.05","7.53","4.74","12.27","0.12","5.3","1.34"
"59","2017","20","Telangana","Nalgonda","415.25","0.0","1.67","0.4","2.07","0.14","1.72","0.0","0.0","0.28","26.86","21.26","12.79","0.12","0.0","0.0","0.08","0.0","0.0","0.01","0.0","1.62","351.28","26.64","3.66","30.3","0.0","0.0","1.98"
"60","2017","20","Telangana","Warangal","269.29","0.0","0.04","1.31","1.35","0.01","103.07","0.0","0.0","1.97","9.17","18.37","17.92","0.34","0.0","0.0","0.01","0.0","0.26","0.06","0.0","0.21","290.51","5.26","4.34","9.61","0.04","0.7","0.0"
"61","2017","20","Telangana","Khammam","161.32","0.0","0.01","0.59","0.6","0.0","40.99","0.0","0.0","0.02","4.8","16.2","4.76","0.25","0.0","0.0","0.0","0.0","0.02","0.02","0.0","5.06","143.17","16.55","2.09","18.64","0.0","0.03","0.26"
"62","2017","20","Telangana","Karimnagar","353.68","0.0","0.0","0.24","0.24","1.91","65.36","0.0","0.0","1.27","4.68","6.23","3.23","7.08","0.0","0.0","0.03","0.0","0.26","2.69","0.0","0.3","174.97","2.73","1.32","4.05","0.04","0.6","0.0"
"63","2017","20","Telangana","Adilabad","93.67","2.76","4.79","8.82","13.61","1.14","30.18","0.0","0.0","27.34","47.01","12.68","1.46","4.12","0.0","0.5","0.1","0.0","0.02","58.33","0.0","0.0","340.98","0.35","3.59","3.94","0.0","0.68","0.31"
"64","2017","5","Karnataka","Bangalore","5.24","0.0","0.0","0.0","0.0","0.09","12.76","125.46","0.0","0.14","5.32","20.13","1.71","2.34","0.62","0.0","2.27","0.0","0.01","0.0","0.0","0.22","0.0","37.3","10.68","47.99","0.5","0.09","7.41"
"65","2017","5","Karnataka","Kolar","1.69","0.0","0.0","0.0","0.0","0.11","59.61","115.08","0.0","0.09","13.02","27.66","24.17","0.07","0.45","0.0","0.36","0.0","0.11","0.0","0.0","0.0","0.04","70.44","24.83","95.26","4.75","1.47","2.79"
"66","2017","5","Karnataka","Tumkur","4.86","0.02","0.0","0.0","0.0","0.02","20.12","144.55","0.0","0.35","10.96","40.69","55.3","0.33","0.32","0.0","1.52","0.23","0.1","0.0","0.0","0.92","0.74","27.46","4.61","32.07","0.01","0.57","19.84"
"67","2017","5","Karnataka","Mysore","68.14","0.0","29.25","0.29","29.54","1.7","78.6","76.14","0.0","3.1","2.81","165.91","8.78","7.91","0.0","0.0","1.34","0.0","8.59","0.0","0.0","10.94","58.04","19.66","18.93","38.59","0.41","4.9","0.0"
"68","2017","5","Karnataka","Mandya","33.85","0.0","0.0","0.0","0.0","0.0","10.29","83.79","0.0","0.03","1.05","51.33","0.55","6.78","0.0","0.0","0.27","0.0","0.01","0.0","0.0","20.94","0.0","3.79","6.63","10.42","0.03","0.2","1.42"
"69","2017","5","Karnataka","Hassan","21.63","0.0","1.03","0.43","1.46","0.0","82.85","94.63","0.0","1.18","1.62","37.99","0.72","1.18","0.08","0.0","0.56","0.0","0.46","0.0","0.0","2.17","0.13","6.37","22.91","29.28","14.42","0.08","0.0"
"70","2017","5","Karnataka","Shimoge","93.52","0.0","0.1","0.05","0.14","0.01","71.21","1.05","0.0","0.04","0.49","0.74","0.26","0.0","0.0","0.0","0.0","0.0","0.22","0.0","0.0","1.27","1.25","11.09","0.3","11.4","0.0","0.0","0.05"
"71","2017","5","Karnataka","Chickmagalur","26.9","0.0","0.48","12.74","13.22","0.0","15.29","52.12","0.0","11.27","0.51","15.65","4.22","3.09","0.02","0.0","0.09","0.0","0.65","0.0","0.0","0.94","1.88","7.29","15.31","22.6","5.31","5.34","0.0"
"72","2017","5","Karnataka","Chitradurga","65.99","0.47","9.82","14.19","24.01","5.26","270.3","73.39","0.0","38.17","21.48","16.2","108.39","0.19","0.06","0.72","0.29","0.0","4.08","0.06","0.0","3.8","15.08","22.99","47.2","70.2","0.02","35.43","0.53"
"73","2017","5","Karnataka","Bellary","101.93","0.58","11.27","28.04","39.31","24.47","97.82","11.0","0.0","26.86","9.36","3.85","60.42","0.09","0.04","0.0","0.06","0.0","8.04","0.0","0.0","4.41","59.16","10.44","10.88","21.32","0.0","5.75","0.0"
"74","2017","5","Karnataka","Dharwad","52.59","54.57","4.94","165.03","169.98","2.17","251.61","0.19","0.0","237.58","5.47","113.23","78.4","0.24","0.04","11.35","0.03","0.09","36.59","36.39","0.0","22.51","148.05","18.37","58.21","76.59","1.09","45.26","0.15"
"75","2017","5","Karnataka","Belgaum","64.58","46.35","12.63","132.37","145.0","7.78","141.2","0.43","0.0","112.24","6.28","43.15","32.63","0.08","0.14","1.46","0.0","0.14","7.79","76.75","0.0","208.73","31.0","14.83","25.98","40.81","3.7","4.4","1.37"
"76","2017","5","Karnataka","Bijapur / Vijayapura","0.03","68.7","0.35","256.58","256.93","47.58","113.44","0.0","0.0","354.62","285.57","65.13","76.21","0.37","0.0","2.22","0.0","1.28","50.41","0.95","0.0","104.12","13.65","31.84","39.32","71.16","0.0","33.77","0.35"
"77","2017","5","Karnataka","Bidar","1.02","4.66","20.33","22.35","42.69","2.29","0.87","0.0","0.0","65.42","78.68","67.19","0.06","1.05","0.08","13.34","0.01","0.16","0.01","149.03","0.0","15.52","0.49","1.46","1.94","3.4","0.08","0.48","0.01"
"78","2017","5","Karnataka","Raichur","167.4","6.93","1.5","112.82","114.32","118.91","65.34","0.0","0.0","187.46","55.44","39.96","52.35","5.45","0.49","2.59","0.31","0.36","45.11","0.0","0.0","1.29","92.46","8.43","12.99","21.42","0.0","3.82","0.0"
"79","2017","5","Karnataka","Gulbarga / Kalaburagi","113.28","11.07","0.76","250.74","251.51","21.16","2.28","0.0","0.0","226.66","386.84","161.23","57.17","6.1","0.0","2.01","0.01","0.02","10.92","13.35","0.0","2.22","123.77","9.05","11.52","20.57","0.14","3.9","0.06"
"80","2017","5","Karnataka","Dakshina Kannada","80.26","0.0","0.0","0.0","0.0","0.0","0.01","0.0","0.0","0.0","0.0","4.18","1.77","0.31","0.0","0.0","0.0","0.0","0.0","0.0","0.0","0.01","0.0","63.73","3.59","67.32","0.0","0.0","0.04"
"81","2017","5","Karnataka","Uttara Kannada","62.87","0.0","0.0","0.0","0.0","0.0","9.87","0.0","0.0","0.0","0.0","1.87","1.68","0.0","0.0","0.0","0.0","0.0","0.0","0.01","0.0","0.0","1.21","9.95","0.16","10.12","0.0","0.03","0.03"
"82","2017","5","Karnataka","Kodagu / Coorg","27.17","0.0","0.0","0.0","0.0","0.0","3.56","0.0","0.0","0.0","0.0","0.01","0.06","0.0","0.0","0.0","0.0","0.0","0.0","0.0","0.0","0.0","0.0","7.43","0.3","7.73","0.01","0.0","0.0"
"83","2017","11","Tamil Nadu","Chengalpattu MGR / Kanchipuram","193.22","0.0","0.02","0.02","0.04","0.75","0.01","0.49","0.0","0.0","0.2","12.78","18.18","1.7","0.0","0.0","0.03","0.0","0.01","0.0","0.0","7.4","0.0","0.0","0.0","0.0","0.0","0.0","0.0"
"84","2017","11","Tamil Nadu","South Arcot / Cuddalore","294.85","0.0","1.37","0.26","1.62","34.28","37.72","2.44","0.0","0.0","0.23","145.84","47.14","9.3","0.0","0.0","0.02","0.0","0.08","0.0","0.0","68.39","19.37","0.0","0.0","0.0","0.0","0.23","0.0"
"85","2017","11","Tamil Nadu","North Arcot / Vellore","216.65","0.0","4.96","0.56","5.51","7.44","5.37","11.62","0.0","0.01","11.05","42.92","93.7","2.32","0.0","0.0","0.23","0.0","0.21","0.0","0.0","25.27","6.93","0.0","0.0","0.0","0.0","0.04","0.0"
"86","2017","11","Tamil Nadu","Salem","73.11","0.0","117.12","40.25","157.37","1.87","51.96","65.84","0.0","1.1","19.77","129.66","66.56","3.92","0.28","0.0","2.97","0.0","0.03","0.0","0.0","24.56","37.06","0.0","0.0","0.0","0.08","3.28","0.0"
"87","2017","11","Tamil Nadu","Coimbatore","90.17","0.0","27.66","18.94","46.59","0.41","18.09","0.02","0.0","2.54","0.78","19.18","18.26","1.95","0.0","0.0","0.04","0.0","0.03","0.0","0.0","4.48","0.93","0.0","0.0","0.0","0.0","2.04","0.0"
"88","2017","11","Tamil Nadu","Tiruchirapalli / Trichy","99.63","0.0","45.73","21.62","67.35","2.86","88.69","3.77","0.0","0.8","9.67","29.27","41.18","11.31","0.0","0.0","0.85","0.0","0.8","0.0","0.0","18.64","59.88","0.0","0.0","0.0","0.28","10.23","0.0"
"89","2017","11","Tamil Nadu","Thanjavur","520.25","0.0","2.71","3.66","6.37","0.15","10.17","1.76","0.0","0.37","0.51","208.36","20.11","6.28","0.0","0.0","0.11","0.0","0.01","0.0","0.0","8.54","7.66","0.0","0.0","0.0","0.13","0.61","0.0"
"90","2017","11","Tamil Nadu","Madurai","36.78","0.0","36.3","36.49","72.78","3.53","42.88","0.05","0.0","0.36","6.24","48.56","9.84","1.82","0.01","0.0","0.11","0.0","0.1","0.0","0.0","6.97","19.67","0.0","0.0","0.0","2.14","2.46","0.0"
"91","2017","11","Tamil Nadu","Ramananthapuram","217.34","0.0","5.18","11.77","16.95","1.99","24.82","0.47","0.0","0.01","0.75","15.47","11.18","2.14","0.0","0.0","0.01","0.0","2.09","0.0","0.0","5.03","20.03","0.0","0.0","0.0","0.0","1.03","0.0"
"92","2017","11","Tamil Nadu","Thirunelveli","77.0","0.0","0.32","10.72","11.04","9.75","44.82","0.05","0.0","0.01","0.03","117.88","1.18","0.85","0.0","0.0","0.0","0.0","3.38","0.0","0.0","2.57","10.09","0.0","0.0","0.0","0.0","2.89","0.0"
"93","2017","11","Tamil Nadu","The Nilgiris","0.24","0.0","0.0","0.0","0.0","0.0","0.0","0.0","0.0","0.0","0.0","0.0","0.01","0.0","0.0","0.0","0.0","0.0","0.0","0.0","0.0","0.0","0.0","0.0","0.0","0.0","0.94","0.0","0.0"
"94","2017","11","Tamil Nadu","Kanyakumari","9.63","0.0","0.0","0.0","0.0","0.0","0.0","0.0","0.0","0.0","0.0","0.34","0.01","0.0","0.0","0.0","0.0","0.0","0.0","0.0","0.0","0.0","0.0","0.0","0.0","0.0","0.0","0.0","0.0"
"96","2017","7","Maharashtra","Thane","132.68","0.02","0.0","0.0","0.0","0.0","0.0","13.9","0.0","3.3","2.5","10.07","0.08","0.55","0.01","0.0","0.0","0.0","0.07","0.0","0.0","0.0","0.0","0.0","0.0","0.0","0.0","0.0","0.0"
"97","2017","7","Maharashtra","Raigad","114.24","0.0","0.0","0.0","0.0","0.0","0.0","6.7","0.0","0.01","0.3","12.02","0.12","0.0","0.03","0.0","0.0","0.0","0.0","0.0","0.0","0.0","0.0","0.0","0.0","0.0","0.0","0.0","0.0"
"98","2017","7","Maharashtra","Ratnagiri","139.25","0.0","0.0","0.0","0.0","0.0","0.0","16.0","0.0","0.0","0.0","7.16","1.37","0.04","0.04","0.0","0.0","0.0","0.0","0.0","0.0","1.14","0.0","0.0","0.0","0.0","0.0","0.0","0.0"
"99","2017","7","Maharashtra","Nasik","72.5","112.46","0.8","5.8","6.6","136.5","163.58","26.0","0.0","72.5","7.6","20.69","24.33","0.03","0.1","0.0","0.3","0.0","0.04","67.5","0.0","11.86","65.4","0.0","0.0","0.0","0.0","0.0","0.0"
"100","2017","7","Maharashtra","Dhule","33.6","75.66","61.5","25.5","87.0","82.76","123.93","1.62","0.0","96.2","30.9","57.13","22.57","0.51","1.5","0.0","0.2","0.0","0.31","45.63","0.0","17.39","297.0","0.0","0.0","0.0","0.0","0.0","0.0"
"101","2017","7","Maharashtra","Jalgaon","0.0","51.01","55.7","35.4","91.1","20.2","202.67","0.0","0.0","72.3","19.5","62.63","5.05","3.63","0.01","0.0","0.0","0.0","0.01","34.14","0.0","9.33","514.3","0.0","0.0","0.0","0.0","0.0","0.0"
"102","2017","7","Maharashtra","Ahmednagar","16.2","79.8","1.6","548.9","550.5","119.5","78.38","0.1","0.0","208.01","15.7","80.16","15.72","0.24","0.21","0.1","1.09","0.05","0.71","59.28","0.0","104.4","132.8","0.0","0.0","0.0","0.0","0.0","0.0"
"103","2017","7","Maharashtra","Pune","52.0","72.4","1.7","223.4","225.1","32.0","47.33","2.7","0.0","90.3","2.0","36.53","21.69","0.88","0.01","0.0","0.1","0.0","0.23","20.23","0.0","113.14","0.0","0.0","0.0","0.0","0.0","0.0","0.0"
"104","2017","7","Maharashtra","Satara","45.8","37.2","24.1","136.6","160.7","67.4","33.99","4.5","0.0","31.0","1.7","48.17","35.68","0.01","0.1","0.1","0.05","0.0","0.64","69.7","0.0","80.64","0.09","0.0","0.0","0.0","0.0","0.0","0.0"
"105","2017","7","Maharashtra","Sangli","17.0","25.1","53.8","139.3","193.1","58.8","58.78","0.0","0.0","29.4","7.4","36.44","29.25","0.02","0.01","0.5","0.03","0.0","1.26","47.3","0.0","80.18","0.25","0.0","0.0","0.0","0.0","0.0","0.0"
"106","2017","7","Maharashtra","Solapur","0.6","68.7","0.0","656.9","656.9","28.6","75.81","0.0","0.0","68.25","29.8","36.99","5.11","0.41","0.1","0.8","0.1","0.08","21.09","33.59","0.0","100.5","0.3","0.0","0.0","0.0","0.0","0.0","0.0"
"107","2017","7","Maharashtra","Kolhapur","109.46","2.8","4.9","12.6","17.5","0.0","10.44","21.3","0.0","5.4","2.0","10.17","54.5","0.01","0.0","0.0","0.0","0.0","0.68","51.3","0.0","143.9","0.01","0.0","0.0","0.0","0.0","0.0","0.0"
"108","2017","7","Maharashtra","Aurangabad","0.0","103.1","3.5","248.6","252.1","73.7","112.65","0.0","0.0","145.6","118.3","50.97","9.0","0.52","0.2","0.64","1.8","0.0","0.15","141.6","0.0","45.12","800.89","0.0","0.0","0.0","0.0","0.0","0.0"
"109","2017","7","Maharashtra","Parbhani","0.0","67.0","69.17","113.63","182.8","1.65","5.63","0.0","0.0","183.07","130.3","107.58","6.17","1.6","0.0","8.0","0.84","0.09","0.01","405.47","0.0","34.5","272.1","0.0","0.0","0.0","0.0","0.0","0.0"
"110","2017","7","Maharashtra","Beed","0.06","53.9","21.0","500.3","521.3","152.7","48.83","0.0","0.0","138.4","92.6","41.34","31.66","6.6","0.02","2.96","0.1","1.14","1.11","181.3","0.0","36.05","348.51","0.0","0.0","0.0","0.0","0.0","0.0"
"111","2017","7","Maharashtra","Nanded","0.81","46.1","88.4","35.71","124.1","0.0","6.15","0.0","0.0","123.59","77.2","69.37","3.94","3.21","0.01","4.9","0.0","0.0","0.06","273.5","0.0","23.0","299.54","0.0","0.0","0.0","0.0","0.0","0.0"
"112","2017","7","Maharashtra","Osmanabad","10.3","47.1","91.34","195.07","286.41","11.4","40.34","0.0","0.0","362.83","181.6","61.7","8.84","6.5","1.4","19.5","1.0","2.02","14.15","508.2","0.0","75.0","16.56","0.0","0.0","0.0","0.0","0.0","0.0"
"113","2017","7","Maharashtra","Buldhana","0.0","35.92","20.2","13.23","33.43","2.18","39.6","0.0","0.0","132.2","76.19","30.64","2.22","1.82","0.7","0.1","0.12","0.0","0.04","370.29","0.0","0.26","174.54","0.0","0.0","0.0","0.0","0.0","0.0"
"114","2017","7","Maharashtra","Akola","0.0","25.5","19.17","0.39","19.57","0.3","1.15","0.0","0.0","124.9","113.71","59.3","2.1","1.33","0.0","0.8","0.1","0.0","0.17","504.5","0.0","0.2","183.8","0.0","0.0","0.0","0.0","0.0","0.0"
"115","2017","7","Maharashtra","Amarawati","8.9","39.3","18.34","0.0","18.34","0.1","8.02","0.0","0.0","103.9","112.3","38.29","3.37","0.06","0.9","0.4","0.1","0.0","0.01","287.1","0.0","0.12","207.46","0.0","0.0","0.0","0.0","0.0","0.0"
"116","2017","7","Maharashtra","Yeotmal","0.0","12.8","22.55","1.33","23.87","0.04","2.4","0.0","0.0","94.1","134.6","18.42","3.14","0.63","0.0","0.1","0.0","0.0","0.0","254.5","0.0","14.13","470.3","0.0","0.0","0.0","0.0","0.0","0.0"
"117","2017","7","Maharashtra","Wardha","0.0","14.82","3.0","3.5","6.5","0.0","0.23","0.0","0.0","31.4","88.54","0.09","1.59","0.02","0.0","0.0","0.0","0.0","0.0","116.1","0.0","2.17","251.06","0.0","0.0","0.0","0.0","0.0","0.0"
"118","2017","7","Maharashtra","Nagpur","97.28","135.2","2.3","0.1","2.4","0.0","0.51","0.0","0.0","64.4","65.97","2.88","3.59","0.0","0.2","0.0","0.1","0.01","0.13","151.1","0.0","4.27","145.17","0.0","0.0","0.0","0.0","0.0","0.0"
"119","2017","7","Maharashtra","Bhandara","315.89","13.19","0.0","0.0","0.0","0.0","0.74","0.0","0.0","15.4","18.66","27.77","0.0","1.97","0.3","0.0","0.0","5.5","0.0","5.3","0.0","4.7","0.04","0.0","0.0","0.0","0.0","0.0","0.0"
"120","2017","7","Maharashtra","Chandrapur","284.38","18.66","2.22","2.6","4.82","0.0","2.37","0.0","0.0","37.6","45.73","39.41","0.03","0.75","0.81","0.0","0.13","1.7","0.03","66.1","0.0","0.03","170.69","0.0","0.0","0.0","0.0","0.0","0.0"
"121","2017","3","Gujarat","Ahmedabad","157.76","169.62","0.06","0.41","0.47","7.14","1.15","0.0","0.0","44.16","2.13","23.65","3.64","3.16","1.04","0.0","66.75","0.0","0.0","0.0","0.0","0.0","177.84","0.0","0.0","0.0","4.32","0.19","0.0"
"122","2017","3","Gujarat","Amreli","0.0","8.04","0.0","0.07","0.07","3.8","0.0","0.0","0.0","6.26","2.13","5.63","126.66","5.64","0.0","0.0","0.89","0.0","0.0","0.0","0.0","0.01","374.75","0.0","0.0","0.0","0.0","4.41","0.0"
"123","2017","3","Gujarat","Banaskantha","0.0","73.97","15.5","0.0","15.5","162.97","7.74","0.0","0.0","0.33","1.07","10.46","131.19","3.18","157.6","0.0","112.01","0.0","0.0","0.0","0.0","0.0","18.72","0.0","0.0","0.0","78.13","0.2","0.0"
"124","2017","3","Gujarat","Bharuch","19.52","19.8","2.2","3.01","5.21","0.47","8.05","0.0","0.0","2.97","92.89","13.71","0.63","0.42","0.15","0.0","3.46","0.0","0.0","8.92","0.0","37.52","141.93","0.0","0.0","0.0","0.0","0.0","0.0"
"125","2017","3","Gujarat","Vadodara / Baroda","45.0","20.58","0.44","0.62","1.06","7.61","52.85","0.0","0.0","0.78","67.5","11.52","1.77","0.52","0.09","0.0","40.71","0.0","0.0","22.52","0.0","4.44","159.21","0.0","0.0","0.0","0.33","0.14","0.0"
"126","2017","3","Gujarat","Bhavnagar","0.0","18.87","0.0","0.0","0.0","34.75","0.01","0.0","0.0","4.6","1.65","9.38","95.58","13.94","0.02","0.0","0.25","0.0","0.0","0.0","0.0","0.0","324.73","0.0","0.0","0.0","0.0","28.26","0.0"
"127","2017","3","Gujarat","Valsad","121.65","0.19","0.07","0.74","0.8","0.0","0.39","4.32","0.0","3.48","9.34","13.23","0.27","0.0","0.0","0.0","0.0","0.0","0.0","0.0","0.0","23.48","0.0","0.0","0.0","0.0","0.0","0.6","0.0"
"128","2017","3","Gujarat","Dangs","20.83","2.26","0.69","0.0","0.69","0.0","0.0","7.56","0.0","20.21","2.95","8.28","3.14","0.0","0.0","0.0","0.0","0.0","0.0","2.94","0.0","0.16","0.0","0.0","0.0","0.0","0.0","0.0","0.0"
"129","2017","3","Gujarat","Jamnagar","0.0","10.98","0.03","0.32","0.35","0.72","0.88","0.0","0.0","14.18","3.8","9.56","323.42","10.43","0.05","0.0","7.9","0.0","0.0","0.0","0.0","0.01","197.3","0.0","0.0","0.0","0.3","1.72","0.0"
"130","2017","3","Gujarat","Junagadh","0.0","98.81","0.0","14.39","14.39","6.55","0.43","0.0","0.0","74.75","1.77","25.29","450.78","7.83","0.01","0.0","1.15","0.0","0.0","3.99","0.0","4.75","77.51","0.0","0.0","0.0","0.0","9.33","0.0"
"131","2017","3","Gujarat","Kheda","235.19","144.22","0.01","0.02","0.03","88.29","11.3","0.0","0.0","5.74","1.98","3.22","3.21","0.66","1.82","0.0","7.66","0.0","0.0","1.45","0.0","0.12","21.7","0.0","0.0","0.0","7.56","0.31","0.0"
"132","2017","3","Gujarat","Kutch","0.0","21.33","26.12","0.0","26.12","27.03","0.12","0.0","0.0","0.22","0.08","90.08","54.79","49.94","6.75","0.0","99.44","0.0","0.0","0.05","0.0","0.0","58.61","0.0","0.0","0.0","0.01","0.29","0.0"
"133","2017","3","Gujarat","Mehsana","12.08","122.18","1.52","0.0","1.52","35.48","0.52","0.0","0.0","24.95","0.81","65.49","20.24","5.43","50.57","0.0","151.63","0.0","0.0","0.0","0.0","0.0","91.73","0.0","0.0","0.0","11.19","0.52","0.0"
"134","2017","3","Gujarat","Panchmahal","127.96","72.68","0.06","0.07","0.13","7.01","256.79","0.0","0.0","43.74","34.26","14.62","4.16","1.01","0.41","0.0","5.47","0.0","0.0","61.35","0.0","0.39","17.07","0.0","0.0","0.0","0.06","1.09","0.0"
"135","2017","3","Gujarat","Rajkot","0.0","71.17","0.0","0.05","0.05","1.79","0.34","0.0","0.0","19.65","3.18","3.79","320.55","5.68","0.2","0.0","12.78","0.0","0.0","0.36","0.0","0.14","385.38","0.0","0.0","0.0","0.0","5.1","0.0"
"136","2017","3","Gujarat","Sabarkantha","8.66","154.25","0.0","0.29","0.29","6.77","56.09","0.0","0.0","4.34","15.28","22.97","94.69","0.78","1.85","0.0","46.58","0.0","0.0","16.73","0.0","0.0","119.69","0.0","0.0","0.0","28.47","0.82","0.0"
"137","2017","3","Gujarat","Surat","105.79","8.1","20.25","4.23","24.47","0.03","3.33","0.0","0.0","5.01","30.12","10.18","5.4","0.26","0.03","0.0","0.23","0.0","0.0","27.69","0.0","110.65","12.55","0.0","0.0","0.0","0.0","0.27","0.0"
"138","2017","3","Gujarat","Surendranagar","0.85","41.71","0.04","0.0","0.04","6.77","0.0","0.0","0.0","17.4","0.25","3.33","38.68","14.11","0.7","0.0","28.33","0.0","0.0","0.0","0.0","0.03","447.78","0.0","0.0","0.0","0.01","1.24","0.0"
"139","2017","10","Rajasthan","Ajmer","0.01","40.33","126.85","0.0","126.85","58.5","23.37","0.0","15.63","66.19","0.0","165.21","1.48","6.59","23.83","0.0","0.14","0.25","0.0","0.0","0.0","0.0","12.06","0.78","5.57","6.36","0.0","0.93","24.74"
"140","2017","10","Rajasthan","Alwar","0.24","203.83","23.76","0.0","23.76","275.81","3.28","0.0","7.42","7.49","0.83","0.43","0.39","1.91","229.01","0.0","0.0","0.0","0.0","0.0","0.0","0.02","46.16","0.37","11.57","11.95","0.05","0.22","30.78"
"141","2017","10","Rajasthan","Banswara","28.87","108.66","0.29","0.0","0.29","0.13","125.13","0.0","1.34","17.77","6.29","14.08","0.5","0.41","3.57","0.0","0.01","0.68","0.0","111.89","0.0","0.03","10.89","0.03","0.54","0.57","0.02","0.15","2.33"
"142","2017","10","Rajasthan","Barmer","0.0","14.54","3.58","0.0","3.58","901.1","0.01","0.0","0.02","2.85","0.0","270.97","4.37","4.73","10.1","0.0","23.78","0.01","0.0","0.0","0.0","0.0","0.0","0.96","0.44","1.4","0.0","0.06","384.76"
"143","2017","10","Rajasthan","Bharatpur","1.36","217.66","50.59","0.0","50.59","211.31","0.0","0.0","2.64","4.16","0.43","0.86","0.04","3.79","260.88","0.0","0.03","0.0","0.0","0.0","0.0","0.02","7.07","1.19","13.98","15.16","12.13","0.02","39.07"
"144","2017","10","Rajasthan","Bhilwara","0.58","102.8","40.35","0.0","40.35","2.31","158.94","0.0","21.36","34.02","0.02","121.88","9.1","10.07","21.65","0.0","0.01","0.04","0.0","5.32","0.0","0.04","41.47","0.64","1.54","2.19","0.05","0.06","33.25"
"145","2017","10","Rajasthan","Bikaner","0.0","108.3","2.05","0.0","2.05","124.37","0.0","0.0","4.83","255.77","0.0","369.54","220.55","12.35","101.33","0.0","0.12","0.0","0.0","0.0","0.0","0.0","2.4","0.41","1.39","1.8","0.01","1.15","716.82"
"146","2017","10","Rajasthan","Bundi","47.01","146.75","0.1","0.0","0.1","0.92","22.94","0.0","1.89","50.6","0.01","149.72","0.39","1.01","20.63","0.0","0.0","0.03","0.0","23.94","0.0","0.76","0.27","0.52","2.42","2.94","0.05","0.04","6.57"
"147","2017","10","Rajasthan","Chittorgarh","1.35","174.88","13.33","0.0","13.33","0.03","120.76","0.0","10.14","22.85","0.1","17.75","18.83","2.17","38.6","0.0","0.0","0.84","0.0","159.37","0.0","1.77","12.31","0.16","5.59","5.76","0.02","3.88","23.12"
"148","2017","10","Rajasthan","Churu","0.0","33.49","0.0","0.0","0.0","266.15","0.0","0.0","7.73","107.09","0.0","514.3","63.45","7.57","72.9","0.0","0.0","0.0","0.0","0.0","0.0","0.0","1.19","0.05","0.58","0.63","0.0","0.46","259.33"
"149","2017","10","Rajasthan","Dungarpur","17.17","47.73","0.23","0.0","0.23","0.04","61.45","0.0","0.88","11.7","1.32","12.12","0.04","1.06","0.43","0.0","0.16","0.0","0.0","32.76","0.0","0.01","0.59","0.0","0.13","0.14","0.0","0.02","4.03"
"150","2017","10","Rajasthan","Ganganagar","42.18","506.64","0.36","0.0","0.36","46.02","0.07","0.0","71.73","196.46","0.13","120.76","26.87","1.93","302.85","0.0","1.91","0.06","0.0","0.0","0.0","2.11","315.65","11.28","3.94","15.22","0.63","0.13","827.01"
"151","2017","10","Rajasthan","Jaipur","0.0","231.45","37.15","0.0","37.15","449.22","1.99","0.0","57.27","36.12","0.09","141.88","41.26","11.72","116.24","0.0","0.0","0.01","0.0","0.0","0.0","0.04","0.2","2.15","26.95","29.1","0.02","3.95","86.22"
"152","2017","10","Rajasthan","Jaisalmer","0.0","8.98","2.75","0.0","2.75","105.07","0.0","0.0","0.0","159.08","0.0","59.97","25.67","6.03","41.69","0.0","4.72","0.0","0.0","0.0","0.0","0.0","0.17","0.33","0.05","0.39","0.0","0.01","598.97"
"153","2017","10","Rajasthan","Jalore","0.0","46.94","4.63","0.0","4.63","314.12","0.03","0.0","0.21","27.23","0.0","147.69","20.61","11.11","83.19","0.0","49.26","0.0","0.0","0.0","0.0","0.0","0.56","1.51","1.59","3.1","0.12","0.28","60.85"
"154","2017","10","Rajasthan","Jhalawar","4.45","102.2","0.63","0.0","0.63","0.01","45.99","0.0","0.2","57.91","0.14","65.03","1.48","0.62","39.76","0.0","0.0","0.92","0.0","209.4","0.0","0.01","0.0","12.42","3.69","16.1","0.07","2.45","2.29"
"155","2017","10","Rajasthan","Jhunjhunu","0.0","85.96","0.0","0.0","0.0","219.33","0.0","0.0","8.87","58.08","0.0","78.15","4.27","0.33","58.64","0.0","0.02","0.0","0.0","0.0","0.0","0.0","8.69","0.12","4.34","4.46","0.0","3.66","73.77"
"156","2017","10","Rajasthan","Jodhpur","0.0","66.07","34.49","0.0","34.49","421.94","0.0","0.0","0.36","19.37","0.0","412.02","129.42","21.04","149.41","0.0","24.76","0.01","0.0","0.0","0.0","0.0","46.71","0.38","25.32","25.7","0.02","20.17","201.49"
"157","2017","10","Rajasthan","Kota","39.05","236.24","1.36","0.0","1.36","0.59","24.29","0.0","0.53","122.44","0.02","239.87","1.41","1.64","101.2","0.0","0.0","0.6","0.0","275.06","0.0","0.01","0.0","0.54","3.12","3.66","0.23","0.07","2.94"
"158","2017","10","Rajasthan","Nagaur","0.0","53.68","27.72","0.0","27.72","307.54","0.02","0.0","7.7","18.94","0.0","698.55","17.59","7.03","45.03","0.0","0.03","0.8","0.0","0.0","0.0","0.0","53.73","0.38","10.58","10.96","0.01","8.48","97.22"
"159","2017","10","Rajasthan","Pali","0.0","82.07","69.68","0.0","69.68","35.42","12.78","0.0","4.83","100.02","0.06","297.86","0.94","64.16","47.78","0.0","2.55","0.01","0.0","0.01","0.0","0.0","14.38","0.6","1.36","1.96","0.03","0.11","35.55"
"160","2017","10","Rajasthan","Swami Madhopur","2.87","139.69","1.04","0.0","1.04","194.33","0.38","0.0","0.64","39.84","0.25","73.01","2.64","40.06","170.36","0.0","0.0","0.01","0.0","5.05","0.0","0.02","0.01","0.26","2.15","2.41","0.05","0.15","8.49"
"161","2017","10","Rajasthan","Sikar","0.0","86.08","0.0","0.0","0.0","271.3","0.0","0.0","25.7","35.81","0.0","83.1","22.54","0.44","33.02","0.0","0.0","0.0","0.0","0.0","0.0","0.01","0.02","0.47","15.41","15.88","0.0","12.28","99.79"
"162","2017","10","Rajasthan","Sirohi","0.0","22.24","6.91","0.0","6.91","16.61","20.42","0.0","0.6","2.73","0.06","14.2","17.64","24.1","11.71","0.0","34.88","0.0","0.0","0.0","0.0","0.0","2.9","0.56","2.17","2.74","0.29","0.0","32.07"
"163","2017","10","Rajasthan","Tonk","0.0","45.84","52.43","0.0","52.43","41.81","7.32","0.0","4.05","101.37","0.0","190.46","11.69","7.36","186.64","0.0","0.01","0.01","0.0","0.12","0.0","0.02","0.97","0.55","3.27","3.83","0.06","0.14","11.7"
"164","2017","10","Rajasthan","Udaipur","5.51","137.2","15.75","0.0","15.75","0.36","240.94","0.0","17.41","16.68","2.71","16.38","2.96","2.71","12.56","0.0","0.07","0.71","0.0","63.58","0.0","0.53","5.83","0.28","2.25","2.53","0.04","0.22","34.49"
"165","2017","9","Punjab","Gurdaspur","204.0","226.0","0.0","0.0","0.0","0.0","9.0","0.0","0.0","0.1","0.0","1.6","0.0","0.5","2.8","0.0","0.0","0.0","0.0","0.0","0.0","26.0","0.0","1.87","2.22","4.09","0.0","0.0","28.06"
"166","2017","9","Punjab","Amritsar","362.0","375.0","0.0","0.0","0.0","0.0","2.0","0.0","0.0","0.0","0.5","6.1","0.0","1.2","2.3","0.0","0.0","0.0","0.0","0.0","0.0","7.0","0.0","1.1","4.64","5.74","0.0","0.0","50.44"
"167","2017","9","Punjab","Kapurthala","118.0","108.0","0.0","0.0","0.0","0.0","2.0","0.0","0.0","0.0","0.0","0.3","0.0","0.1","0.5","0.0","0.0","0.0","0.1","0.0","0.0","4.0","0.0","3.92","14.45","18.37","0.0","0.0","13.36"
"168","2017","9","Punjab","Jalandhar","207.6","216.97","0.0","0.0","0.0","0.0","10.88","0.0","0.0","0.0","0.3","0.72","0.0","0.2","1.84","0.0","0.0","0.0","0.26","0.0","0.0","14.66","0.0","0.74","21.95","22.69","0.0","0.0","36.99"
"169","2017","9","Punjab","Hoshiarpur","98.4","173.03","0.0","0.0","0.0","0.0","59.12","0.0","0.0","0.0","0.0","0.38","1.2","0.0","4.46","0.0","0.0","0.0","0.04","0.0","0.0","25.34","0.0","1.07","5.54","6.61","0.0","0.0","35.85"
"170","2017","9","Punjab","Roopnagar / Ropar","55.5","92.0","0.0","0.0","0.0","0.0","25.0","0.0","0.15","0.05","0.1","1.35","0.0","0.2","2.45","0.0","0.0","0.0","0.3","0.0","0.0","3.5","0.0","0.22","2.8","3.02","0.0","0.0","12.83"
"171","2017","9","Punjab","Ludhiana","270.9","264.75","0.0","0.0","0.0","0.0","1.0","0.0","1.44","0.0","0.6","2.59","0.0","0.0","1.49","0.0","0.0","0.0","1.56","0.0","0.0","3.45","0.0","0.01","14.69","14.7","0.0","0.0","20.64"
"172","2017","9","Punjab","Ferozpur","641.06","768.48","0.0","0.0","0.0","0.2","1.0","0.0","1.82","1.17","0.6","4.13","0.0","0.47","6.98","0.0","0.0","0.0","0.0","0.0","0.0","2.0","112.12","26.85","22.36","49.21","0.0","0.0","87.61"
"174","2017","9","Punjab","Bhatinda","388.94","556.52","0.0","0.0","0.0","0.6","0.0","0.0","1.58","0.23","0.1","2.77","0.0","0.03","3.92","0.0","0.0","0.0","0.0","0.0","0.0","0.0","168.88","3.93","11.53","15.46","0.0","0.0","56.01"
"175","2017","9","Punjab","Sangrur","403.88","408.8","0.0","0.0","0.0","0.2","0.0","0.0","1.92","0.1","0.3","3.35","0.0","0.0","2.15","0.0","0.0","0.0","0.19","0.0","0.0","5.24","9.0","0.42","6.98","7.4","0.0","0.0","45.79"
"176","2017","9","Punjab","Patiala","314.72","322.45","0.0","0.0","0.0","0.0","4.0","0.0","0.78","0.05","0.1","2.51","0.0","0.0","1.61","0.0","0.0","0.0","3.65","0.0","0.0","4.81","1.0","1.13","15.96","17.09","0.0","0.0","34.07"
"177","2017","4","Haryana","Hissar","305.38","829.58","0.0","0.0","1.42","110.51","0.17","0.0","10.39","21.5","0.0","14.2","3.2","0.34","252.79","0.0","0.0","0.0","0.0","0.0","257.03","0.0","482.57","0.0","0.0","0.0","0.0","0.0","0.0"
"180","2017","4","Haryana","Gurgaon","64.2","243.7","0.0","0.0","17.6","64.6","0.0","0.0","2.3","0.4","0.0","1.3","0.0","0.8","41.1","0.0","0.0","0.0","0.0","0.0","41.9","0.0","23.7","0.0","0.0","0.0","0.0","0.0","0.0"
"181","2017","4","Haryana","Jind","165.65","247.65","0.0","0.0","0.0","14.35","0.0","0.0","0.3","0.1","0.0","0.2","0.0","0.0","5.06","0.0","0.0","0.0","0.0","0.0","5.16","0.0","63.9","0.0","0.0","0.0","0.0","0.0","0.0"
"182","2017","4","Haryana","Mahendragarh / Narnaul","10.59","139.03","0.0","0.0","1.13","186.69","0.03","0.0","2.7","9.1","0.0","1.91","0.09","0.23","188.61","0.0","0.0","0.0","0.0","0.0","188.92","0.0","65.72","0.0","0.0","0.0","0.0","0.0","0.0"
"183","2017","4","Haryana","Ambala","170.6","194.2","0.0","0.0","0.0","1.1","5.2","0.0","0.1","0.1","0.0","0.7","0.0","0.0","5.3","0.0","0.0","0.0","0.0","0.0","7.2","0.0","0.0","0.0","0.0","0.0","0.0","0.0","0.0"
"184","2017","4","Haryana","Karnal","508.45","515.45","0.0","0.0","0.0","2.45","0.2","0.0","0.0","0.2","0.0","0.9","0.0","0.0","4.74","0.0","0.0","0.0","0.0","0.0","7.94","0.0","5.9","0.0","0.0","0.0","0.0","0.0","0.0"
"186","2017","4","Haryana","Rohtak","197.13","360.89","0.0","0.0","27.35","69.6","0.8","0.0","4.4","0.6","0.0","1.5","0.01","0.13","51.31","0.0","0.0","0.0","0.0","0.0","51.45","0.0","26.71","0.0","0.0","0.0","0.0","0.0","0.0"
"189","2017","12","Uttar Pradesh","Saharanpur","70.55","156.61","0.0","0.0","0.0","0.0","8.17","0.0","0.05","0.02","0.0","5.19","4.4","0.33","2.35","0.0","0.0","0.0","0.0","0.0","0.0","212.7","0.0","4.98","4.3","9.28","0.66","0.21","18.78"
"190","2017","12","Uttar Pradesh","Muzaffarnagar","32.93","135.26","0.0","0.0","0.0","0.0","0.12","0.0","0.19","0.14","0.06","2.28","0.0","0.02","5.43","0.0","0.0","0.0","0.0","0.0","0.0","239.18","0.05","0.0","0.0","0.0","1.83","0.06","0.0"
"191","2017","12","Uttar Pradesh","Meerut","52.41","219.37","0.0","0.0","0.0","8.4","1.76","0.0","2.01","0.01","5.51","4.56","0.0","0.0","11.33","0.0","0.0","0.02","0.0","0.0","0.0","257.45","0.02","0.0","0.0","0.0","9.09","0.32","0.0"
"192","2017","12","Uttar Pradesh","Buland Shahar","102.1","215.96","0.01","0.0","0.01","15.58","44.28","0.0","6.3","0.02","6.6","6.32","0.0","0.01","11.06","0.0","0.0","0.05","0.0","0.0","0.0","62.79","0.13","0.0","0.0","0.0","9.27","0.2","0.0"
"194","2017","12","Uttar Pradesh","Aligarh","107.56","306.2","0.01","0.0","0.01","135.34","21.94","0.0","7.87","0.06","10.43","8.78","0.03","0.1","34.85","0.0","0.0","0.01","0.05","0.0","0.0","7.87","1.98","0.0","0.0","0.0","69.67","0.12","0.0"
"195","2017","12","Uttar Pradesh","Mathura","46.13","200.42","0.02","0.0","0.02","37.59","0.15","0.0","3.87","0.03","1.28","2.17","0.0","0.34","45.27","0.0","0.0","0.0","0.0","0.0","0.0","0.52","1.62","0.0","0.0","0.0","11.85","0.01","0.0"
"196","2017","12","Uttar Pradesh","Agra","12.91","169.78","0.11","0.0","0.11","150.99","2.64","0.0","8.01","1.13","1.39","1.86","0.14","2.32","58.11","0.0","0.0","0.0","0.1","0.0","0.0","0.29","0.33","0.0","0.0","0.0","74.4","0.15","0.0"
"197","2017","12","Uttar Pradesh","Mainpuri","76.61","214.11","0.53","0.0","0.53","73.53","45.71","0.0","7.37","0.86","1.44","8.26","0.52","1.74","15.34","0.0","0.0","0.0","0.21","0.0","0.0","0.51","0.01","0.0","0.0","0.0","46.18","1.14","0.0"
"198","2017","12","Uttar Pradesh","Etah","28.79","229.73","0.05","0.0","0.05","88.82","56.52","0.0","10.59","0.26","4.16","9.9","0.75","0.79","24.07","0.0","0.0","0.0","0.01","0.0","0.0","7.2","0.0","0.0","0.0","0.0","10.1","0.81","0.0"
"199","2017","12","Uttar Pradesh","Bareilly","145.23","195.12","0.09","0.0","0.09","7.21","0.26","0.0","0.05","0.02","0.04","12.04","0.9","2.53","15.51","0.0","0.0","0.01","0.02","0.0","0.0","96.96","0.0","0.0","0.0","0.0","2.24","0.16","0.0"
"200","2017","12","Uttar Pradesh","Budaun","88.35","276.29","0.06","0.0","0.06","121.14","10.44","0.0","0.6","0.03","0.31","49.53","0.53","2.49","40.53","0.0","0.0","0.02","0.04","0.0","0.0","44.53","0.0","0.0","0.0","0.0","16.51","0.4","0.0"
"201","2017","12","Uttar Pradesh","Moradabad","140.63","300.44","0.1","0.0","0.1","50.76","5.64","0.0","0.38","0.0","0.81","14.18","0.0","0.54","12.41","0.0","0.0","0.01","0.0","0.0","0.0","142.64","0.0","0.0","0.0","0.0","10.13","0.31","0.0"
"202","2017","12","Uttar Pradesh","Shahjahanpur","210.76","247.7","1.11","0.0","1.11","3.38","2.3","0.0","0.26","0.19","0.31","33.83","3.87","8.85","14.44","0.0","0.0","0.01","0.0","0.02","0.0","45.74","0.0","0.0","0.0","0.0","8.76","0.27","0.0"
"203","2017","12","Uttar Pradesh","Pilibhit","140.74","131.99","0.0","0.0","0.0","0.0","0.18","0.0","0.0","0.1","0.0","2.78","1.0","0.63","10.82","0.0","0.0","0.0","0.0","0.3","0.0","79.28","0.0","0.0","0.0","0.0","0.46","0.04","0.0"
"204","2017","12","Uttar Pradesh","Rampur","138.67","149.25","0.59","0.0","0.59","2.69","0.28","0.0","0.01","0.02","0.0","8.01","0.0","0.04","3.77","0.0","0.0","0.0","0.01","0.04","0.0","21.85","0.0","0.0","0.0","0.0","1.78","0.03","0.0"
"205","2017","12","Uttar Pradesh","Bijnor","50.88","157.27","0.0","0.0","0.0","0.0","0.03","0.0","0.0","0.01","0.0","2.57","0.91","0.01","4.07","0.0","0.0","0.0","0.0","0.0","0.0","201.63","0.0","0.0","0.0","0.0","0.65","0.0","0.0"
"206","2017","12","Uttar Pradesh","Farrukhabad","34.62","150.66","2.87","0.0","2.87","5.08","85.47","0.0","2.28","1.5","2.52","10.36","2.43","4.04","17.15","0.0","0.0","0.0","0.9","0.0","0.0","8.36","0.0","0.0","0.0","0.0","85.26","2.35","0.0"
"207","2017","12","Uttar Pradesh","Etawah","101.35","198.17","0.84","0.0","0.84","69.65","14.62","0.0","3.53","7.1","5.32","11.74","0.15","1.73","29.97","0.0","0.0","0.01","0.01","0.0","0.0","1.09","0.0","0.0","0.0","0.0","23.87","0.1","0.0"
"208","2017","12","Uttar Pradesh","Kanpur","73.99","226.79","23.44","0.0","23.44","18.46","34.24","0.0","10.1","38.39","12.86","22.63","0.13","3.91","36.78","0.0","0.0","0.49","0.02","0.05","0.0","4.11","0.0","0.0","0.0","0.0","15.08","1.05","0.0"
"209","2017","12","Uttar Pradesh","Fatehpur","82.06","170.17","8.49","0.0","8.49","7.39","0.31","0.0","3.58","42.14","17.47","15.83","0.21","9.36","15.17","0.0","0.0","0.18","0.0","0.0","0.0","6.38","0.0","0.0","0.0","0.0","8.77","1.52","0.0"
"210","2017","12","Uttar Pradesh","Allahabad","215.88","283.11","10.58","0.0","10.58","29.64","0.56","0.0","4.48","17.56","23.34","21.83","0.02","1.93","2.81","0.0","0.0","0.32","0.0","0.0","0.0","2.86","0.0","0.0","0.0","0.0","17.51","0.84","0.0"
"211","2017","12","Uttar Pradesh","Jhansi","10.21","302.3","2.23","0.0","2.23","0.0","20.74","0.0","12.45","42.86","0.82","378.21","31.23","83.32","17.67","0.0","0.0","0.66","0.0","13.45","0.0","0.18","0.0","0.0","0.0","0.0","1.06","0.28","0.0"
"213","2017","12","Uttar Pradesh","Jalaun","0.27","160.36","6.86","0.0","6.86","15.03","0.02","0.0","7.55","13.72","3.39","114.67","0.01","30.37","15.57","0.0","0.0","0.09","0.0","0.04","0.0","1.04","0.0","0.0","0.0","0.0","0.45","0.44","0.0"
"214","2017","12","Uttar Pradesh","Hamirpur","0.08","161.51","18.04","0.0","18.04","0.65","0.43","0.0","6.9","119.83","18.27","170.04","5.99","53.33","23.24","0.0","0.0","9.29","0.0","0.24","0.0","8.73","0.0","0.0","0.0","0.0","0.2","0.16","0.0"
"215","2017","12","Uttar Pradesh","Banda","60.72","208.72","40.52","0.0","40.52","13.44","0.02","0.0","5.75","142.53","33.86","61.7","0.41","12.31","5.26","0.0","0.0","3.31","0.0","0.09","0.0","0.65","0.0","0.0","0.0","0.0","0.38","0.39","0.0"
"216","2017","12","Uttar Pradesh","Varanasi","194.46","230.27","4.69","0.0","4.69","18.95","3.4","0.0","0.96","3.59","11.08","19.37","0.0","0.56","1.22","0.0","0.0","0.45","0.0","0.0","0.0","4.36","0.0","0.0","0.0","0.0","5.11","0.54","0.0"
"217","2017","12","Uttar Pradesh","Mirzpur","123.58","148.82","5.11","0.0","5.11","9.88","15.28","0.0","11.22","25.1","22.59","25.29","2.66","6.22","5.16","0.0","0.0","8.39","0.0","0.0","0.0","1.77","0.0","0.0","0.0","0.0","3.07","1.17","0.0"
"218","2017","12","Uttar Pradesh","Jaunpur","157.28","207.67","2.96","0.0","2.96","4.94","43.35","0.0","0.56","5.05","7.3","12.09","0.0","0.56","3.16","0.0","0.0","0.23","0.0","0.0","0.0","9.52","0.0","0.0","0.0","0.0","19.47","0.99","0.0"
"219","2017","12","Uttar Pradesh","Ghazipur","154.82","166.21","2.69","0.0","2.69","14.76","0.81","0.0","6.93","4.26","5.39","16.78","0.05","0.05","0.45","0.0","0.0","0.01","0.03","0.0","0.0","7.31","0.0","0.0","0.0","0.0","10.95","0.65","0.0"
"220","2017","12","Uttar Pradesh","Ballia","115.87","136.89","1.76","0.0","1.76","1.98","31.76","0.0","2.46","3.34","6.7","22.39","0.24","0.0","0.92","0.0","0.0","0.0","0.0","0.0","0.0","6.48","0.0","0.0","0.0","0.0","8.32","0.84","0.0"
"221","2017","12","Uttar Pradesh","Gorakhpur","319.73","337.69","0.0","0.0","0.0","0.01","3.06","0.0","1.87","0.35","3.33","14.49","4.24","0.39","7.14","0.0","0.0","0.25","0.0","0.0","0.0","19.98","0.0","0.0","0.0","0.0","7.07","0.54","0.0"
"222","2017","12","Uttar Pradesh","Deoria","255.14","271.13","0.04","0.0","0.04","0.25","15.86","0.0","0.39","0.11","5.35","6.81","2.37","0.19","11.83","0.0","0.0","0.0","0.0","0.0","0.0","79.11","0.0","0.0","0.0","0.0","3.13","0.27","0.0"
"223","2017","12","Uttar Pradesh","Basti","370.85","368.44","0.0","0.0","0.0","0.0","4.89","0.0","0.5","1.34","8.32","19.53","1.4","0.27","8.33","0.0","0.0","1.39","0.0","0.0","0.0","45.96","0.0","0.0","0.0","0.0","6.47","0.9","0.0"
"224","2017","12","Uttar Pradesh","Azamgarh","307.36","330.47","0.03","0.0","0.03","0.16","6.44","0.0","3.26","4.65","6.94","7.88","0.5","0.09","2.48","0.0","0.0","0.03","0.02","0.0","0.0","25.56","0.0","0.0","0.0","0.0","6.06","1.09","0.0"
"225","2017","12","Uttar Pradesh","Lucknow","51.62","81.59","2.1","0.0","2.1","0.8","1.62","0.0","0.22","0.93","0.75","9.91","0.09","0.84","4.09","0.0","0.0","0.0","0.0","0.0","0.0","0.27","0.0","0.0","0.0","0.0","4.41","0.08","0.0"
"226","2017","12","Uttar Pradesh","Unnao","94.99","244.36","3.37","0.0","3.37","1.17","29.23","0.0","1.2","2.97","2.45","34.44","2.66","11.16","17.26","0.0","0.0","0.02","0.0","0.0","0.0","0.61","0.0","0.0","0.0","0.0","7.68","0.71","0.0"
"227","2017","12","Uttar Pradesh","Rae-Bareily","140.34","188.22","7.8","0.0","7.8","0.91","0.55","0.0","2.54","6.46","6.73","24.73","1.27","3.27","7.91","0.0","0.0","0.07","0.06","0.0","0.0","3.14","0.0","0.0","0.0","0.0","6.16","0.49","0.0"
"228","2017","12","Uttar Pradesh","Sitapur","163.87","210.93","3.46","0.0","3.46","2.36","9.97","0.0","0.64","0.5","2.87","31.48","2.31","10.07","26.63","0.0","0.0","0.02","0.0","0.0","0.0","153.46","0.0","0.0","0.0","0.0","3.87","0.25","0.0"
"229","2017","12","Uttar Pradesh","Hardoi","149.8","314.43","4.83","0.0","4.83","3.39","36.16","0.0","1.7","1.33","1.62","33.48","8.54","17.72","13.38","0.0","0.0","0.0","0.49","0.0","0.0","37.34","0.0","0.0","0.0","0.0","9.75","0.5","0.0"
"230","2017","12","Uttar Pradesh","Kheri","181.78","188.6","0.04","0.0","0.04","0.64","8.41","0.0","0.52","0.4","0.87","20.45","6.49","3.69","27.06","0.0","0.0","0.0","0.0","0.0","0.0","248.13","0.0","0.0","0.0","0.0","1.39","0.09","0.0"
"231","2017","12","Uttar Pradesh","Faizabad","220.25","227.07","2.6","0.0","2.6","0.01","3.59","0.0","1.01","2.91","4.55","16.76","0.0","0.05","7.62","0.0","0.0","0.01","0.0","0.0","0.0","31.94","0.0","0.0","0.0","0.0","7.67","0.53","0.0"
"232","2017","12","Uttar Pradesh","Gonda","232.55","237.01","0.0","0.0","0.0","0.0","51.0","0.0","0.74","1.12","14.61","45.96","0.03","0.37","25.71","0.0","0.0","0.05","0.0","0.0","0.0","123.7","0.0","0.0","0.0","0.0","5.06","1.71","0.0"
"233","2017","12","Uttar Pradesh","Bahraich","239.92","236.37","0.05","0.0","0.05","0.02","92.37","0.0","0.38","0.34","5.3","70.8","1.86","0.82","10.58","0.0","0.0","0.21","0.0","0.05","0.0","30.6","0.0","0.0","0.0","0.0","2.71","0.92","0.0"
"234","2017","12","Uttar Pradesh","Sultanpur","160.48","187.46","6.52","0.0","6.52","0.39","5.35","0.0","1.59","3.33","7.31","28.8","0.03","0.68","4.42","0.0","0.0","0.08","0.11","0.0","0.0","10.35","0.0","0.0","0.0","0.0","7.85","0.96","0.0"
"235","2017","12","Uttar Pradesh","Pratapgarh","96.36","148.32","3.3","0.0","3.3","9.44","0.6","0.0","0.98","3.35","6.1","15.73","0.0","0.14","1.31","0.0","0.0","0.01","0.0","0.0","0.0","0.83","0.0","0.0","0.0","0.0","5.63","0.57","0.0"
"236","2017","12","Uttar Pradesh","Barabanki","181.6","168.35","1.24","0.0","1.24","0.55","4.45","0.0","0.06","0.78","1.93","24.97","0.18","0.17","20.62","0.0","0.0","0.0","0.0","0.0","0.0","9.25","0.0","0.0","0.0","0.0","14.96","0.37","0.0"
"237","2017","16","Uttarakhand","Nainital","132.39","127.2","0.0","0.0","0.0","0.0","3.46","1.9","0.71","0.39","0.0","6.54","0.13","0.01","4.16","0.0","0.0","0.0","0.0","6.12","0.0","17.77","0.0","5.7","10.84","16.54","3.98","0.61","9.55"
"238","2017","16","Uttarakhand","Almorah","28.79","45.16","0.0","0.0","0.0","0.0","2.16","36.92","4.04","0.06","0.1","8.65","0.0","0.15","1.35","0.0","0.0","0.0","0.0","0.48","0.0","0.0","0.0","0.12","3.52","3.63","1.25","0.97","0.02"
"239","2017","16","Uttarakhand","Pithorgarh","26.3","27.44","0.0","0.0","0.0","0.0","2.75","11.92","4.38","0.01","0.03","10.12","0.03","0.06","1.34","0.0","0.0","0.0","0.0","2.1","0.0","0.0","0.0","0.04","3.67","3.71","1.25","0.71","0.08"
"240","2017","16","Uttarakhand","Chamoli","19.59","24.31","0.0","0.0","0.0","0.0","0.35","16.21","3.25","0.0","0.37","2.78","0.0","0.03","0.78","0.0","0.0","0.0","0.0","0.73","0.0","0.0","0.0","0.01","2.52","2.53","2.14","0.09","0.0"
"241","2017","16","Uttarakhand","Uttar Kashi","10.25","10.67","0.0","0.0","0.0","0.0","0.47","5.23","0.24","0.0","0.45","4.49","0.0","0.7","0.98","0.0","0.0","0.0","0.0","0.19","0.0","0.0","0.0","1.02","3.35","4.37","2.89","0.04","0.0"
"242","2017","16","Uttarakhand","Tehri Garhwal","10.41","20.69","0.0","0.0","0.0","0.0","2.11","11.08","2.07","0.0","1.54","8.51","0.0","0.51","0.79","0.0","0.0","0.0","0.0","0.6","0.0","0.0","0.0","0.02","2.73","2.75","0.97","0.16","0.0"
"243","2017","16","Uttarakhand","Garhwal","10.02","13.44","0.0","0.0","0.0","0.0","2.22","17.08","3.93","0.03","0.67","6.72","0.0","0.05","1.99","0.0","0.0","0.0","0.0","0.3","0.0","0.0","0.0","0.1","1.87","1.97","0.65","0.87","0.13"
"244","2017","16","Uttarakhand","Dehradun","9.29","16.85","0.0","0.0","0.0","0.0","6.75","1.17","0.58","0.02","0.31","3.1","0.01","0.09","0.81","0.0","0.0","0.0","0.0","0.02","0.0","3.88","0.0","2.88","4.5","7.37","0.74","0.05","1.94"
"601","2017","17","Assam","Cachar","220.46","0.05","0.0","0.0","0.0","0.0","0.15","0.0","0.0","0.06","0.26","6.54","0.0","0.18","2.12","0.0","0.01","0.05","0.0","0.0","0.0","0.45","0.11","10.23","18.37","28.6","5.23","0.1","0.1"
"602","2017","17","Assam","Darrang","325.73","1.19","0.0","0.0","0.0","0.0","7.41","0.0","0.0","0.35","1.03","20.65","0.0","1.72","42.4","0.0","0.06","0.86","0.0","0.0","0.0","3.88","0.01","13.26","41.92","55.18","21.26","1.5","0.37"
"603","2017","17","Assam","Dibrugarh","141.46","0.01","0.0","0.0","0.0","0.0","1.32","0.0","0.0","0.01","0.14","5.76","0.0","0.13","10.81","0.0","0.01","0.0","0.0","0.0","0.0","0.39","0.0","6.79","6.14","12.93","4.39","0.13","0.32"
"604","2017","17","Assam","Goalpara","348.15","5.73","0.0","0.0","0.0","0.0","5.21","0.0","0.0","0.59","1.1","26.63","0.0","2.11","62.98","0.0","0.1","1.15","0.0","0.0","0.0","1.07","0.01","17.91","39.08","56.99","16.74","1.93","0.22"
"605","2017","17","Assam","Kamrup","427.41","5.9","0.0","0.0","0.0","0.0","1.43","0.0","0.0","0.48","0.68","32.89","0.0","1.57","51.51","0.0","0.04","2.2","0.0","0.0","0.0","1.78","0.01","24.77","49.7","74.47","22.61","2.34","0.81"
"606","2017","17","Assam","Karbi Anglong","132.87","1.17","0.0","0.0","0.0","0.0","10.48","0.0","0.0","0.46","1.09","5.84","0.0","3.26","23.67","0.0","0.38","0.06","0.0","0.0","0.0","7.9","0.52","6.2","6.97","13.18","1.22","0.3","0.0"
"607","2017","17","Assam","Lakhimpur","190.66","0.01","0.0","0.0","0.0","0.0","0.46","0.0","0.0","0.01","0.07","20.61","0.0","0.42","40.82","0.0","0.05","0.03","0.0","0.0","0.0","0.56","0.01","5.52","20.42","25.94","13.5","0.28","0.06"
"608","2017","17","Assam","North Cachar Hil / Dima hasao","13.79","0.0","0.0","0.0","0.0","0.0","3.45","0.0","0.0","0.0","0.44","1.28","0.0","1.02","3.05","0.0","0.05","0.0","0.0","0.0","0.0","4.22","0.06","11.78","2.98","14.77","1.92","0.05","0.0"
"609","2017","17","Assam","Nagaon","286.16","3.38","0.0","0.0","0.0","0.0","1.11","0.0","0.0","0.22","0.55","10.03","0.0","1.22","25.18","0.0","0.01","0.57","0.0","0.0","0.0","6.98","0.01","19.37","27.54","46.91","9.5","1.06","0.08"
"610","2017","17","Assam","Sibsagar","330.49","0.14","0.0","0.0","0.0","0.0","0.37","0.0","0.0","0.04","0.18","15.08","0.0","0.36","22.07","0.0","0.05","0.0","0.0","0.0","0.0","3.29","0.01","11.51","8.67","20.17","5.17","0.53","0.0"
"626","2017","18","Himachal Pradesh","Bilashpur","1.43","23.8","0.0","0.0","0.0","0.0","24.51","0.0","0.13","0.08","0.0","0.08","0.0","0.01","0.11","0.0","0.0","0.0","0.0","0.01","0.0","0.0","0.0","0.0","0.0","0.0","0.01","0.06","0.0"
"627","2017","18","Himachal Pradesh","Chamba","2.49","18.68","0.0","0.0","0.0","0.0","26.75","0.0","3.59","0.0","0.0","4.11","0.0","0.0","1.61","0.0","0.0","0.0","0.0","0.0","0.0","0.0","0.0","0.0","0.0","0.0","0.45","0.04","0.0"
"629","2017","18","Himachal Pradesh","Kangra","36.98","147.34","0.0","0.0","0.0","0.05","115.75","0.0","2.6","0.12","0.01","4.23","0.0","0.07","3.6","0.0","0.0","0.59","0.0","0.07","0.0","0.79","0.0","0.0","0.0","0.0","1.84","0.22","0.0"
"630","2017","18","Himachal Pradesh","Kinnaur","0.01","0.19","0.0","0.0","0.0","0.0","0.19","0.02","0.99","0.0","0.0","0.38","0.0","0.0","0.0","0.0","0.0","0.0","0.0","0.0","0.0","0.0","0.0","0.0","0.0","0.0","0.1","0.0","0.0"
"631","2017","18","Himachal Pradesh","Kullu","1.34","21.85","0.0","0.0","0.0","0.0","15.06","0.2","2.43","0.04","0.0","3.3","0.01","0.0","0.89","0.0","0.0","0.0","0.0","0.0","0.0","0.0","0.0","0.0","0.0","0.0","0.78","0.03","0.0"
"632","2017","18","Himachal Pradesh","Lahul & Spiti","0.0","0.05","0.0","0.0","0.0","0.0","0.02","0.0","0.44","0.0","0.0","0.36","0.0","0.0","0.1","0.0","0.0","0.0","0.0","0.0","0.0","0.0","0.0","0.0","0.0","0.0","0.67","0.0","0.0"
"633","2017","18","Himachal Pradesh","Solan","3.9","27.48","0.0","0.0","0.0","0.0","20.93","0.0","1.61","0.02","0.0","1.72","0.0","0.02","0.34","0.0","0.0","0.0","0.0","0.02","0.0","0.05","0.0","0.0","0.0","0.0","0.07","0.02","0.0"
"634","2017","18","Himachal Pradesh","Mandi","18.95","61.04","0.0","0.0","0.0","0.02","46.59","0.7","2.34","0.02","0.0","4.45","0.0","0.01","0.4","0.0","0.0","0.21","0.0","0.44","0.0","0.0","0.0","0.0","0.0","0.0","2.25","0.1","0.0"
"635","2017","18","Himachal Pradesh","Shimla","1.14","14.1","0.0","0.0","0.0","0.0","10.2","0.64","3.12","0.0","0.02","5.12","0.01","0.01","0.41","0.0","0.0","0.0","0.0","0.0","0.0","0.0","0.0","0.0","0.0","0.0","2.98","0.02","0.0"
"636","2017","18","Himachal Pradesh","Sirmaur","5.37","28.15","0.0","0.0","0.0","0.0","20.82","0.25","1.89","0.06","0.01","4.32","0.01","0.01","0.86","0.0","0.0","0.0","0.0","0.02","0.0","1.03","0.0","0.0","0.0","0.0","0.72","0.1","0.0"
"651","2017","19","Kerala","Alappuzha","36.33","0.0","0.0","0.0","0.0","0.0","0.0","0.0","0.0","0.0","0.0","0.03","0.0","0.11","0.0","0.0","0.0","0.0","0.0","0.0","0.0","0.03","0.0","0.0","0.0","0.0","0.0","0.0","0.0"
"652","2017","19","Kerala","Kannur","10.07","0.0","0.0","0.0","0.0","0.0","0.0","0.0","0.0","0.0","0.0","0.84","0.0","0.0","0.0","0.0","0.0","0.0","0.0","0.0","0.0","0.0","0.0","0.0","0.0","0.0","0.0","0.0","0.0"
"653","2017","19","Kerala","Eranakulam","5.58","0.0","0.0","0.0","0.0","0.0","0.0","0.01","0.0","0.0","0.0","0.05","0.0","0.0","0.0","0.0","0.0","0.0","0.0","0.0","0.0","0.18","0.0","0.0","0.0","0.0","0.1","0.0","0.0"
"655","2017","19","Kerala","Kottayam","18.09","0.0","0.0","0.0","0.0","0.0","0.01","0.03","0.0","0.0","0.0","0.07","0.0","0.0","0.0","0.0","0.0","0.0","0.0","0.0","0.0","0.75","0.0","0.0","0.0","0.0","0.41","0.0","0.0"
"656","2017","19","Kerala","Kozhikode","7.73","0.0","0.0","0.0","0.0","0.0","0.0","0.0","0.0","0.0","0.0","0.57","0.0","0.0","0.0","0.0","0.0","0.0","0.0","0.0","0.0","0.0","0.0","0.0","0.0","0.0","0.0","0.0","0.0"
"657","2017","19","Kerala","Malappuram","7.79","0.0","0.0","0.0","0.0","0.0","0.0","0.0","0.0","0.0","0.0","0.01","0.0","0.06","0.0","0.0","0.0","0.0","0.0","0.0","0.0","0.0","0.0","0.0","0.0","0.0","0.0","0.0","0.0"
"658","2017","19","Kerala","Palakkad","75.28","0.0","0.0","0.0","0.17","0.0","0.06","0.05","0.0","0.0","0.21","0.16","0.27","0.02","0.0","0.0","0.0","0.0","0.0","0.0","0.0","0.08","0.08","0.0","0.0","0.0","0.0","0.01","0.0"
"659","2017","19","Kerala","Kollam","5.01","0.0","0.0","0.0","0.0","0.0","0.0","0.0","0.0","0.0","0.0","0.04","0.0","0.03","0.0","0.0","0.0","0.0","0.0","0.0","0.0","0.01","0.0","0.0","0.0","0.0","0.0","0.0","0.0"
"660","2017","19","Kerala","Thrissur","21.48","0.0","0.0","0.0","0.0","0.0","0.0","0.0","0.0","0.0","0.0","0.0","0.0","0.01","0.0","0.0","0.0","0.0","0.0","0.0","0.0","0.0","0.0","0.0","0.0","0.0","0.0","0.0","0.0"
"661","2017","19","Kerala","Thiruvananthapuram","1.74","0.0","0.0","0.0","0.0","0.0","0.0","0.0","0.0","0.0","0.0","0.03","0.0","0.0","0.0","0.0","0.0","0.0","0.0","0.0","0.0","0.0","0.0","0.0","0.0","0.0","0.0","0.0","0.0"
"701","2017","8","Orissa","Balasore","370.15","0.2","0.0","0.0","0.0","0.0","0.32","0.0","0.0","0.2","0.01","42.1","10.91","1.4","5.97","0.0","0.04","0.0","0.55","0.0","18.87","0.53","0.0","22.87","48.27","71.14","1.4","1.2","0.0"
"702","2017","8","Orissa","Bolangir","284.7","0.2","0.11","0.0","0.11","0.0","7.46","0.33","0.0","1.34","13.34","181.83","13.67","3.43","8.0","0.0","0.12","0.1","1.79","0.0","27.11","1.52","43.56","24.39","61.15","85.54","0.63","9.9","0.0"
"703","2017","8","Orissa","Cuttack","417.2","0.44","0.0","0.0","0.0","0.0","3.44","0.09","0.0","0.9","1.37","272.73","39.96","2.16","8.9","0.0","0.09","0.4","1.18","0.0","52.69","6.06","0.0","34.28","82.23","116.51","5.58","2.29","0.0"
"704","2017","8","Orissa","Dhenkanal","154.31","0.05","0.0","0.0","0.0","0.0","8.22","0.03","0.0","1.9","13.0","161.86","24.38","55.64","7.0","0.0","0.35","0.0","0.58","0.0","88.55","1.42","0.0","49.43","45.66","95.09","2.7","2.24","0.0"
"705","2017","8","Orissa","Ganjam","243.24","0.09","2.32","0.0","2.32","1.04","30.91","21.54","0.0","0.5","16.21","201.26","14.96","26.71","4.0","0.0","1.76","0.0","1.14","0.0","49.22","2.1","2.39","47.76","50.13","97.89","0.6","1.9","0.0"
"706","2017","8","Orissa","Kalahandi","288.76","0.06","0.31","0.0","0.31","0.14","15.9","3.26","0.0","12.1","32.55","284.31","19.0","7.72","10.5","0.26","2.13","2.5","1.99","0.0","50.48","1.32","62.53","29.86","35.85","65.71","0.5","3.25","0.0"
"707","2017","8","Orissa","Keonjhar","188.36","0.31","0.06","0.0","0.06","0.01","24.42","0.02","0.0","2.5","2.91","64.71","8.16","6.81","7.5","0.0","0.04","1.5","0.18","0.0","34.66","0.18","0.0","23.08","46.91","69.99","2.02","0.83","0.0"
"708","2017","8","Orissa","Koraput","401.48","0.34","1.42","0.0","1.42","0.45","112.69","81.63","0.0","3.6","23.98","110.83","12.89","34.98","6.8","0.06","1.8","1.8","2.27","0.0","88.73","10.49","34.04","117.08","82.21","199.29","2.9","3.14","0.0"
"709","2017","8","Orissa","Mayurbhanja","324.09","0.16","0.0","0.0","0.0","0.0","3.84","0.46","0.0","4.2","8.45","67.19","5.5","2.39","7.0","0.0","0.28","3.5","0.24","0.0","20.73","0.0","0.0","40.23","32.7","72.93","1.1","0.81","0.0"
"710","2017","8","Orissa","Phulbani ( Kandhamal )","89.04","0.09","0.07","0.0","0.07","0.07","16.74","2.25","0.0","0.8","9.7","59.72","6.43","4.23","14.0","0.0","0.47","0.0","0.57","0.0","35.36","0.05","0.89","27.23","38.28","65.51","2.2","1.36","0.0"
"711","2017","8","Orissa","Puri","276.34","0.15","0.05","0.0","0.05","0.0","6.18","0.58","0.0","1.1","1.3","190.68","13.47","4.64","4.7","0.09","0.43","1.46","0.79","0.0","25.58","2.09","0.0","63.85","51.1","114.95","1.18","1.06","0.0"
"712","2017","8","Orissa","Sambalpur","529.76","0.41","0.02","0.0","0.02","0.02","8.99","0.06","0.0","1.4","7.7","181.36","25.11","33.8","18.2","0.0","0.01","0.0","0.9","0.0","78.07","1.06","1.16","41.13","46.71","87.84","2.75","3.68","0.0"
"713","2017","8","Orissa","Sundargarh","198.96","0.4","1.26","0.0","1.26","0.03","8.5","4.1","0.0","2.4","7.37","57.94","3.57","19.81","7.0","0.0","0.25","1.0","0.25","0.0","33.32","0.18","0.0","20.3","30.32","50.62","1.53","1.81","0.0"
"800","2017","13","West Bengal","24 Parganas","606.14","1.68","0.0","0.0","0.0","0.0","0.46","0.0","0.0","0.24","0.04","73.14","2.23","15.49","38.19","0.0","0.0","0.21","5.27","0.0","0.0","1.68","0.18","35.67","163.31","198.97","10.51","0.0","0.04"
"803","2017","13","West Bengal","Nadia","242.66","0.0","0.0","0.0","0.0","0.0","6.0","0.0","0.0","3.46","0.22","61.87","4.47","29.47","87.89","0.0","0.0","0.19","0.01","0.0","0.0","2.38","0.0","23.07","90.89","113.96","4.5","0.0","1.12"
"804","2017","13","West Bengal","Murshidabad","367.54","0.06","0.0","0.0","0.0","0.0","13.78","0.0","0.18","8.94","0.21","85.62","0.09","23.0","129.26","0.0","0.0","0.67","0.04","0.0","0.0","3.24","0.0","32.04","103.39","135.43","11.93","0.0","1.24"
"805","2017","13","West Bengal","Burdwan","520.61","3.42","0.0","0.0","0.0","0.0","0.12","0.0","0.0","1.33","0.11","12.54","2.16","18.12","31.91","0.01","0.0","0.11","0.08","0.0","0.0","2.03","0.0","7.95","114.44","122.38","64.07","0.0","0.0"
"806","2017","13","West Bengal","Birbhum","423.81","35.12","0.0","0.0","0.0","0.0","1.18","0.0","0.01","12.36","0.85","23.06","0.09","6.03","32.86","0.01","0.0","0.41","0.03","0.04","0.0","0.58","0.0","7.17","69.36","76.53","15.42","0.0","0.65"
"807","2017","13","West Bengal","Bankura","384.61","1.17","0.0","0.0","0.0","0.0","0.73","0.0","0.0","0.69","0.07","5.09","1.27","27.12","13.84","0.0","0.0","0.11","0.67","0.0","0.0","0.02","0.0","8.82","86.85","95.67","30.8","0.0","0.08"
"810","2017","13","West Bengal","Hooghly","260.37","0.46","0.0","0.0","0.0","0.0","0.53","0.0","0.0","0.11","0.0","5.55","14.29","39.88","9.73","0.0","0.0","0.0","0.01","0.0","0.0","0.57","0.0","14.14","159.71","173.84","103.86","0.0","0.28"
"811","2017","13","West Bengal","Howrah","110.38","0.16","0.0","0.0","0.0","0.0","0.12","0.0","0.0","0.01","0.0","3.46","4.45","2.84","1.93","0.0","0.0","0.04","0.1","0.0","0.0","0.11","0.0","2.74","21.8","24.54","5.82","0.0","0.0"
"812","2017","13","West Bengal","Jalpaiguri","214.23","10.75","0.0","0.0","0.0","0.0","30.97","0.04","0.0","0.12","0.31","15.76","4.16","1.29","10.38","0.05","0.0","0.62","0.05","0.0","0.0","0.15","0.0","10.73","100.84","111.57","45.87","0.0","0.0"
"813","2017","13","West Bengal","Darjeeling","28.27","0.43","0.0","0.0","0.0","0.0","12.65","0.0","0.0","0.02","0.03","1.26","0.02","0.21","0.37","0.0","0.0","0.05","0.01","0.22","0.0","0.01","0.0","9.34","17.37","26.71","3.91","0.0","0.0"
"814","2017","13","West Bengal","Malda","213.93","9.68","0.0","0.0","0.0","0.0","36.68","0.0","0.21","0.55","0.21","23.66","0.15","0.28","46.46","0.0","0.0","0.1","0.0","0.0","0.0","2.82","0.0","35.44","67.76","103.19","8.94","0.0","0.0"
"816","2017","13","West Bengal","Cooch Behar","273.05","7.4","0.0","0.0","0.0","0.0","24.38","0.0","0.0","0.0","0.0","12.12","0.29","0.55","33.36","0.0","0.0","1.05","0.0","0.0","0.0","0.06","0.0","6.93","87.88","94.81","32.33","0.0","0.09"
"817","2017","13","West Bengal","Purulia","273.17","1.05","0.01","0.0","0.01","0.03","10.46","0.01","0.0","0.53","0.27","26.58","1.0","1.15","4.67","0.03","0.0","0.37","0.01","0.0","0.0","0.47","0.0","6.55","38.0","44.55","1.45","0.0","0.0"
"818","2017","13","West Bengal","Midnapur","970.95","0.19","0.0","0.0","0.0","0.0","1.11","0.0","0.0","0.09","0.41","20.98","28.73","72.58","12.93","0.0","0.0","0.02","0.78","0.0","0.0","2.83","0.0","18.31","160.14","178.45","73.21","0.0","0.0"
"822","2017","13","West Bengal","West Dinajpur","417.97","44.44","0.0","0.0","0.0","0.0","82.96","0.0","0.0","0.74","0.0","33.11","0.25","1.44","156.6","0.0","0.0","0.94","0.06","0.0","0.0","1.08","0.0","16.08","97.69","113.77","16.56","0.0","0.0"
"901","2017","2","Bihar","Champaran","401.13","221.16","0.0","0.0","0.0","0.0","88.6","0.07","0.0","0.01","1.63","37.64","0.1","0.09","6.57","0.0","0.01","0.38","3.13","0.0","0.0","166.97","0.0","17.46","35.09","52.55","18.04","1.54","0.0"
"902","2017","2","Bihar","Muzaffarpur","284.69","234.86","0.0","0.0","0.0","0.0","74.19","0.09","0.32","0.12","1.18","43.28","0.0","0.16","8.82","0.0","0.0","0.27","0.11","0.0","0.0","27.85","0.0","17.7","45.73","63.43","18.58","1.07","8.5"
"903","2017","2","Bihar","Darbhanga","379.07","204.34","0.0","0.0","0.0","0.0","76.44","0.65","0.11","0.07","1.18","50.14","0.0","0.54","10.97","0.1","0.0","0.46","0.0","0.0","0.0","5.04","0.0","17.18","58.66","75.84","23.82","1.22","3.54"
"904","2017","2","Bihar","Saharsa","168.85","102.0","0.0","0.0","0.0","0.0","44.05","1.98","0.05","0.0","0.03","52.22","0.0","0.2","2.68","0.0","0.0","0.64","4.54","0.0","0.0","0.15","0.0","3.37","15.91","19.28","7.01","0.99","0.0"
"905","2017","2","Bihar","Purnea","400.4","91.16","0.0","0.0","0.0","0.0","148.41","0.11","0.0","0.24","0.15","26.17","0.0","0.27","5.99","0.0","0.0","2.69","0.57","0.0","0.0","0.12","0.0","12.05","44.21","56.26","23.18","0.8","0.0"
"906","2017","2","Bihar","Saran","236.63","242.43","0.0","0.0","0.0","0.08","60.75","0.94","0.15","0.23","1.95","5.55","0.0","0.01","7.87","0.0","0.0","0.03","0.0","0.0","0.0","27.69","0.0","6.26","33.03","39.29","13.12","0.81","0.0"
"907","2017","2","Bihar","Patna","191.89","148.68","0.01","0.0","0.01","0.01","12.48","0.0","0.25","14.11","1.15","57.09","0.0","0.0","6.27","0.0","0.0","0.18","0.06","0.0","0.0","0.23","0.0","0.11","28.4","28.52","10.06","2.06","5.76"
"908","2017","2","Bihar","Mungair","192.94","194.25","0.09","0.0","0.09","0.0","114.66","0.1","0.3","8.03","3.83","26.27","0.01","0.04","16.4","0.0","0.0","0.38","0.74","0.0","0.0","2.53","0.0","5.03","21.53","26.56","9.9","1.5","4.05"
"909","2017","2","Bihar","Bhagalpur","125.45","80.63","0.01","0.0","0.01","0.01","49.04","0.0","1.4","5.15","1.32","14.78","0.0","0.03","2.5","0.0","0.01","1.01","0.16","0.0","0.0","2.63","0.0","3.49","14.67","18.16","8.24","0.33","0.09"
"910","2017","15","Jharkhand","Santhal Paragana / Dumka","351.0","0.0","0.37","0.0","0.37","0.05","92.42","1.69","0.0","50.59","40.55","0.0","2.72","3.87","80.8","0.59","0.02","10.86","0.25","0.35","0.0","0.0","0.0","0.0","0.0","0.0","0.0","0.0","0.0"
"911","2017","2","Bihar","Shahabad (now part of Bhojpur district)","492.74","359.53","1.25","0.0","1.25","4.27","3.66","0.0","6.21","13.66","2.94","26.3","0.0","0.0","7.04","0.0","0.0","2.21","0.0","0.0","0.0","0.24","0.0","1.19","25.09","26.28","10.66","1.38","2.43"
"912","2017","2","Bihar","Gaya","433.19","222.27","0.0","0.0","0.0","0.0","5.17","0.25","1.59","16.6","3.13","59.87","0.46","0.23","4.01","0.0","0.0","3.86","0.04","0.0","0.0","0.32","0.0","0.24","27.15","27.39","12.97","1.44","0.48"
"913","2017","15","Jharkhand","Hazaribagh","266.02","0.0","0.64","0.0","0.64","0.03","64.33","2.64","0.0","61.76","41.75","0.0","3.83","0.89","64.31","0.22","0.01","7.55","0.13","0.51","0.0","0.0","0.0","0.0","0.0","0.0","0.0","0.0","0.0"
"914","2017","15","Jharkhand","Dhanbad","53.28","0.0","0.17","0.0","0.17","0.03","4.95","0.29","0.0","7.04","5.37","0.0","0.49","0.18","11.14","0.0","0.01","0.23","0.04","0.07","0.0","0.0","0.0","0.0","0.0","0.0","0.0","0.0","0.0"
"915","2017","15","Jharkhand","Palamau","121.89","0.0","0.75","0.0","0.75","0.0","66.32","0.28","0.0","40.03","74.38","0.0","6.24","8.38","49.12","0.31","0.0","6.4","0.2","0.38","0.0","0.0","0.0","0.0","0.0","0.0","0.0","0.0","0.0"
"916","2017","15","Jharkhand","Ranchi","556.33","0.0","0.18","0.0","0.18","0.02","39.61","11.21","0.0","43.27","54.67","0.0","17.51","0.89","62.53","0.86","0.1","6.94","0.61","0.34","0.0","0.0","0.0","0.0","0.0","0.0","0.0","0.0","0.0"
"917","2017","15","Jharkhand","Singhbhum","386.91","0.0","1.21","0.0","1.21","0.48","27.07","2.91","0.0","29.99","28.38","0.0","1.48","1.97","37.14","0.03","0.01","20.1","0.95","0.28","0.0","0.0","0.0","0.0","0.0","0.0","0.0","0.0","0.0"